
     Program PROJWFC v.7.4.1 starts on 17Nov2025 at  4:11:31 

     This program is part of the open-source Quantum ESPRESSO suite
     for quantum simulation of materials; please cite
         "P. Giannozzi et al., J. Phys.:Condens. Matter 21 395502 (2009);
         "P. Giannozzi et al., J. Phys.:Condens. Matter 29 465901 (2017);
         "P. Giannozzi et al., J. Chem. Phys. 152 154105 (2020);
          URL http://www.quantum-espresso.org", 
     in publications or presentations arising from this work. More details at
     http://www.quantum-espresso.org/quote

     Parallel version (MPI), running on     4 processors

     MPI processes distributed on     1 nodes
     R & G space division:  proc/nbgrp/npool/nimage =       4
     14703 MiB available memory on the printing compute node when the environment starts


     Reading xml data from directory:

     ./tmp/silicon.save/

     IMPORTANT: XC functional enforced from input :
     Exchange-correlation= PBE
                           (   1   4   3   4   0   0   0)
     Any further DFT definition will be discarded
     Please, verify this is what you really want


     Parallelization info
     --------------------
     sticks:   dense  smooth     PW     G-vecs:    dense   smooth      PW
     Min         108     108     37                 1489     1489     284
     Max         109     109     38                 1492     1492     285
     Sum         433     433    151                 5961     5961    1139

     Using Slab Decomposition


     Check: negative core charge=   -0.000004

     Gaussian broadening (read from input): ngauss,degauss=   0    0.007000


     Calling projwave .... 
     Subspace diagonalization in iterative solution of the eigenvalue problem:
     a serial algorithm will be used


  Problem Sizes 
  natomwfc =            8
  nbnd     =            8
  nkstot   =           72
  npwx     =          191
  nkb      =           36


     Atomic states used for projection
     (read from pseudopotential files):

     state #   1: atom   1 (Si ), wfc  1 (l=0 m= 1)
     state #   2: atom   1 (Si ), wfc  2 (l=1 m= 1)
     state #   3: atom   1 (Si ), wfc  2 (l=1 m= 2)
     state #   4: atom   1 (Si ), wfc  2 (l=1 m= 3)
     state #   5: atom   2 (Si ), wfc  1 (l=0 m= 1)
     state #   6: atom   2 (Si ), wfc  2 (l=1 m= 1)
     state #   7: atom   2 (Si ), wfc  2 (l=1 m= 2)
     state #   8: atom   2 (Si ), wfc  2 (l=1 m= 3)

 k =   0.0000000000  0.0000000000  0.0000000000
==== e(   1) =    -5.75642 eV ==== 
     psi = 0.498*[#   1]+0.498*[#   5]
    |psi|^2 = 0.996
==== e(   2) =     6.21071 eV ==== 
     psi = 0.160*[#   2]+0.160*[#   3]+0.160*[#   4]+0.160*[#   6]+0.160*[#   7]
          +0.160*[#   8]
    |psi|^2 = 0.961
==== e(   3) =     6.21071 eV ==== 
     psi = 0.160*[#   2]+0.160*[#   3]+0.160*[#   4]+0.160*[#   6]+0.160*[#   7]
          +0.160*[#   8]
    |psi|^2 = 0.961
==== e(   4) =     6.21071 eV ==== 
     psi = 0.160*[#   2]+0.160*[#   3]+0.160*[#   4]+0.160*[#   6]+0.160*[#   7]
          +0.160*[#   8]
    |psi|^2 = 0.961
==== e(   5) =     8.77404 eV ==== 
     psi = 0.161*[#   2]+0.161*[#   3]+0.161*[#   4]+0.161*[#   6]+0.161*[#   7]
          +0.161*[#   8]
    |psi|^2 = 0.965
==== e(   6) =     8.77404 eV ==== 
     psi = 0.161*[#   2]+0.161*[#   3]+0.161*[#   4]+0.161*[#   6]+0.161*[#   7]
          +0.161*[#   8]
    |psi|^2 = 0.965
==== e(   7) =     8.77404 eV ==== 
     psi = 0.161*[#   2]+0.161*[#   3]+0.161*[#   4]+0.161*[#   6]+0.161*[#   7]
          +0.161*[#   8]
    |psi|^2 = 0.965
==== e(   8) =     9.57903 eV ==== 
     psi = 0.494*[#   1]+0.494*[#   5]
    |psi|^2 = 0.988

 k =  -0.0833333333  0.0833333333 -0.0833333333
==== e(   1) =    -5.66538 eV ==== 
     psi = 0.474*[#   1]+0.474*[#   5]+0.008*[#   2]+0.008*[#   3]+0.008*[#   4]
          +0.008*[#   6]+0.008*[#   7]+0.008*[#   8]
    |psi|^2 = 0.996
==== e(   2) =     5.35136 eV ==== 
     psi = 0.143*[#   2]+0.143*[#   3]+0.143*[#   4]+0.143*[#   6]+0.143*[#   7]
          +0.143*[#   8]+0.058*[#   1]+0.058*[#   5]
    |psi|^2 = 0.972
==== e(   3) =     6.06667 eV ==== 
     psi = 0.161*[#   2]+0.161*[#   3]+0.161*[#   4]+0.161*[#   6]+0.161*[#   7]
          +0.161*[#   8]
    |psi|^2 = 0.966
==== e(   4) =     6.06667 eV ==== 
     psi = 0.161*[#   2]+0.161*[#   3]+0.161*[#   4]+0.161*[#   6]+0.161*[#   7]
          +0.161*[#   8]
    |psi|^2 = 0.966
==== e(   5) =     8.81958 eV ==== 
     psi = 0.128*[#   2]+0.128*[#   3]+0.128*[#   4]+0.128*[#   6]+0.128*[#   7]
          +0.128*[#   8]+0.097*[#   1]+0.097*[#   5]
    |psi|^2 = 0.960
==== e(   6) =     8.98580 eV ==== 
     psi = 0.160*[#   2]+0.160*[#   3]+0.160*[#   4]+0.160*[#   6]+0.160*[#   7]
          +0.160*[#   8]
    |psi|^2 = 0.959
==== e(   7) =     8.98580 eV ==== 
     psi = 0.160*[#   2]+0.160*[#   3]+0.160*[#   4]+0.160*[#   6]+0.160*[#   7]
          +0.160*[#   8]
    |psi|^2 = 0.959
==== e(   8) =    10.24183 eV ==== 
     psi = 0.362*[#   1]+0.362*[#   5]+0.042*[#   2]+0.042*[#   3]+0.042*[#   4]
          +0.042*[#   6]+0.042*[#   7]+0.042*[#   8]
    |psi|^2 = 0.977

 k =  -0.1666666667  0.1666666667 -0.1666666667
==== e(   1) =    -5.39511 eV ==== 
     psi = 0.425*[#   1]+0.425*[#   5]+0.024*[#   2]+0.024*[#   3]+0.024*[#   4]
          +0.024*[#   6]+0.024*[#   7]+0.024*[#   8]
    |psi|^2 = 0.996
==== e(   2) =     3.82793 eV ==== 
     psi = 0.126*[#   2]+0.126*[#   3]+0.126*[#   4]+0.126*[#   6]+0.126*[#   7]
          +0.126*[#   8]+0.112*[#   1]+0.112*[#   5]
    |psi|^2 = 0.981
==== e(   3) =     5.75952 eV ==== 
     psi = 0.162*[#   2]+0.162*[#   3]+0.162*[#   4]+0.162*[#   6]+0.162*[#   7]
          +0.162*[#   8]
    |psi|^2 = 0.974
==== e(   4) =     5.75952 eV ==== 
     psi = 0.162*[#   2]+0.162*[#   3]+0.162*[#   4]+0.162*[#   6]+0.162*[#   7]
          +0.162*[#   8]
    |psi|^2 = 0.974
==== e(   5) =     8.56351 eV ==== 
     psi = 0.202*[#   1]+0.202*[#   5]+0.092*[#   2]+0.092*[#   3]+0.092*[#   4]
          +0.092*[#   6]+0.092*[#   7]+0.092*[#   8]
    |psi|^2 = 0.954
==== e(   6) =     9.42239 eV ==== 
     psi = 0.157*[#   2]+0.157*[#   3]+0.157*[#   4]+0.157*[#   6]+0.157*[#   7]
          +0.157*[#   8]
    |psi|^2 = 0.941
==== e(   7) =     9.42239 eV ==== 
     psi = 0.157*[#   2]+0.157*[#   3]+0.157*[#   4]+0.157*[#   6]+0.157*[#   7]
          +0.157*[#   8]
    |psi|^2 = 0.941
==== e(   8) =    11.66739 eV ==== 
     psi = 0.245*[#   1]+0.245*[#   5]+0.077*[#   2]+0.077*[#   3]+0.077*[#   4]
          +0.077*[#   6]+0.077*[#   7]+0.077*[#   8]
    |psi|^2 = 0.950

 k =  -0.2500000000  0.2500000000 -0.2500000000
==== e(   1) =    -4.95644 eV ==== 
     psi = 0.383*[#   1]+0.383*[#   5]+0.038*[#   2]+0.038*[#   3]+0.038*[#   4]
          +0.038*[#   6]+0.038*[#   7]+0.038*[#   8]
    |psi|^2 = 0.996
==== e(   2) =     2.28077 eV ==== 
     psi = 0.141*[#   1]+0.141*[#   5]+0.117*[#   2]+0.117*[#   3]+0.117*[#   4]
          +0.117*[#   6]+0.117*[#   7]+0.117*[#   8]
    |psi|^2 = 0.986
==== e(   3) =     5.44964 eV ==== 
     psi = 0.163*[#   2]+0.163*[#   3]+0.163*[#   4]+0.163*[#   6]+0.163*[#   7]
          +0.163*[#   8]
    |psi|^2 = 0.980
==== e(   4) =     5.44964 eV ==== 
     psi = 0.163*[#   2]+0.163*[#   3]+0.163*[#   4]+0.163*[#   6]+0.163*[#   7]
          +0.163*[#   8]
    |psi|^2 = 0.980
==== e(   5) =     8.24153 eV ==== 
     psi = 0.264*[#   1]+0.264*[#   5]+0.069*[#   2]+0.069*[#   3]+0.069*[#   4]
          +0.069*[#   6]+0.069*[#   7]+0.069*[#   8]
    |psi|^2 = 0.944
==== e(   6) =     9.71806 eV ==== 
     psi = 0.148*[#   2]+0.148*[#   3]+0.148*[#   4]+0.148*[#   6]+0.148*[#   7]
          +0.148*[#   8]
    |psi|^2 = 0.885
==== e(   7) =     9.71806 eV ==== 
     psi = 0.148*[#   2]+0.148*[#   3]+0.148*[#   4]+0.148*[#   6]+0.148*[#   7]
          +0.148*[#   8]
    |psi|^2 = 0.885
==== e(   8) =    13.13351 eV ==== 
     psi = 0.179*[#   1]+0.179*[#   5]+0.088*[#   2]+0.088*[#   3]+0.088*[#   4]
          +0.088*[#   6]+0.088*[#   7]+0.088*[#   8]
    |psi|^2 = 0.888

 k =  -0.3333333333  0.3333333333 -0.3333333333
==== e(   1) =    -4.37910 eV ==== 
     psi = 0.363*[#   1]+0.363*[#   5]+0.045*[#   2]+0.045*[#   3]+0.045*[#   4]
          +0.045*[#   6]+0.045*[#   7]+0.045*[#   8]
    |psi|^2 = 0.996
==== e(   2) =     0.87260 eV ==== 
     psi = 0.151*[#   1]+0.151*[#   5]+0.114*[#   2]+0.114*[#   3]+0.114*[#   4]
          +0.114*[#   6]+0.114*[#   7]+0.114*[#   8]
    |psi|^2 = 0.988
==== e(   3) =     5.20865 eV ==== 
     psi = 0.164*[#   2]+0.164*[#   3]+0.164*[#   4]+0.164*[#   6]+0.164*[#   7]
          +0.164*[#   8]
    |psi|^2 = 0.984
==== e(   4) =     5.20865 eV ==== 
     psi = 0.164*[#   2]+0.164*[#   3]+0.164*[#   4]+0.164*[#   6]+0.164*[#   7]
          +0.164*[#   8]
    |psi|^2 = 0.984
==== e(   5) =     7.97586 eV ==== 
     psi = 0.306*[#   1]+0.306*[#   5]+0.054*[#   2]+0.054*[#   3]+0.054*[#   4]
          +0.054*[#   6]+0.054*[#   7]+0.054*[#   8]
    |psi|^2 = 0.933
==== e(   6) =     9.71956 eV ==== 
     psi = 0.135*[#   2]+0.135*[#   3]+0.135*[#   4]+0.135*[#   6]+0.135*[#   7]
          +0.135*[#   8]
    |psi|^2 = 0.813
==== e(   7) =     9.71956 eV ==== 
     psi = 0.135*[#   2]+0.135*[#   3]+0.135*[#   4]+0.135*[#   6]+0.135*[#   7]
          +0.135*[#   8]
    |psi|^2 = 0.813
==== e(   8) =    14.08493 eV ==== 
     psi = 0.073*[#   1]+0.073*[#   5]+0.060*[#   2]+0.060*[#   3]+0.060*[#   4]
          +0.060*[#   6]+0.060*[#   7]+0.060*[#   8]
    |psi|^2 = 0.503

 k =  -0.4166666667  0.4166666667 -0.4166666667
==== e(   1) =    -3.75823 eV ==== 
     psi = 0.368*[#   1]+0.368*[#   5]+0.043*[#   2]+0.043*[#   3]+0.043*[#   4]
          +0.043*[#   6]+0.043*[#   7]+0.043*[#   8]
    |psi|^2 = 0.996
==== e(   2) =    -0.25808 eV ==== 
     psi = 0.139*[#   1]+0.139*[#   5]+0.118*[#   2]+0.118*[#   3]+0.118*[#   4]
          +0.118*[#   6]+0.118*[#   7]+0.118*[#   8]
    |psi|^2 = 0.988
==== e(   3) =     5.05999 eV ==== 
     psi = 0.164*[#   2]+0.164*[#   3]+0.164*[#   4]+0.164*[#   6]+0.164*[#   7]
          +0.164*[#   8]
    |psi|^2 = 0.987
==== e(   4) =     5.05999 eV ==== 
     psi = 0.164*[#   2]+0.164*[#   3]+0.164*[#   4]+0.164*[#   6]+0.164*[#   7]
          +0.164*[#   8]
    |psi|^2 = 0.987
==== e(   5) =     7.80758 eV ==== 
     psi = 0.331*[#   1]+0.331*[#   5]+0.044*[#   2]+0.044*[#   3]+0.044*[#   4]
          +0.044*[#   6]+0.044*[#   7]+0.044*[#   8]
    |psi|^2 = 0.924
==== e(   6) =     9.60705 eV ==== 
     psi = 0.129*[#   2]+0.129*[#   3]+0.129*[#   4]+0.129*[#   6]+0.129*[#   7]
          +0.129*[#   8]
    |psi|^2 = 0.776
==== e(   7) =     9.60705 eV ==== 
     psi = 0.129*[#   2]+0.129*[#   3]+0.129*[#   4]+0.129*[#   6]+0.129*[#   7]
          +0.129*[#   8]
    |psi|^2 = 0.776
==== e(   8) =    14.02905 eV ==== 
     psi = 0.027*[#   2]+0.027*[#   3]+0.027*[#   4]+0.027*[#   6]+0.027*[#   7]
          +0.027*[#   8]+0.024*[#   1]+0.024*[#   5]
    |psi|^2 = 0.208

 k =   0.5000000000 -0.5000000000  0.5000000000
==== e(   1) =    -3.42382 eV ==== 
     psi = 0.386*[#   1]+0.386*[#   5]+0.037*[#   2]+0.037*[#   3]+0.037*[#   4]
          +0.037*[#   6]+0.037*[#   7]+0.037*[#   8]
    |psi|^2 = 0.997
==== e(   2) =    -0.76400 eV ==== 
     psi = 0.125*[#   2]+0.125*[#   3]+0.125*[#   4]+0.125*[#   6]+0.125*[#   7]
          +0.125*[#   8]+0.119*[#   1]+0.119*[#   5]
    |psi|^2 = 0.987
==== e(   3) =     5.01015 eV ==== 
     psi = 0.165*[#   2]+0.165*[#   3]+0.165*[#   4]+0.165*[#   6]+0.165*[#   7]
          +0.165*[#   8]
    |psi|^2 = 0.987
==== e(   4) =     5.01015 eV ==== 
     psi = 0.165*[#   2]+0.165*[#   3]+0.165*[#   4]+0.165*[#   6]+0.165*[#   7]
          +0.165*[#   8]
    |psi|^2 = 0.987
==== e(   5) =     7.75042 eV ==== 
     psi = 0.339*[#   1]+0.339*[#   5]+0.040*[#   2]+0.040*[#   3]+0.040*[#   4]
          +0.040*[#   6]+0.040*[#   7]+0.040*[#   8]
    |psi|^2 = 0.920
==== e(   6) =     9.55261 eV ==== 
     psi = 0.128*[#   2]+0.128*[#   3]+0.128*[#   4]+0.128*[#   6]+0.128*[#   7]
          +0.128*[#   8]
    |psi|^2 = 0.767
==== e(   7) =     9.55261 eV ==== 
     psi = 0.128*[#   2]+0.128*[#   3]+0.128*[#   4]+0.128*[#   6]+0.128*[#   7]
          +0.128*[#   8]
    |psi|^2 = 0.767
==== e(   8) =    13.94688 eV ==== 
     psi = 0.022*[#   2]+0.022*[#   3]+0.022*[#   4]+0.022*[#   6]+0.022*[#   7]
          +0.022*[#   8]+0.019*[#   1]+0.019*[#   5]
    |psi|^2 = 0.170

 k =   0.0000000000  0.1666666667  0.0000000000
==== e(   1) =    -5.63489 eV ==== 
     psi = 0.467*[#   1]+0.467*[#   5]+0.010*[#   2]+0.010*[#   3]+0.010*[#   4]
          +0.010*[#   6]+0.010*[#   7]+0.010*[#   8]
    |psi|^2 = 0.996
==== e(   2) =     5.51699 eV ==== 
     psi = 0.133*[#   2]+0.133*[#   3]+0.133*[#   4]+0.133*[#   6]+0.133*[#   7]
          +0.133*[#   8]+0.086*[#   1]+0.086*[#   5]
    |psi|^2 = 0.969
==== e(   3) =     5.77990 eV ==== 
     psi = 0.162*[#   2]+0.162*[#   3]+0.162*[#   4]+0.162*[#   6]+0.162*[#   7]
          +0.162*[#   8]
    |psi|^2 = 0.971
==== e(   4) =     5.77990 eV ==== 
     psi = 0.162*[#   2]+0.162*[#   3]+0.162*[#   4]+0.162*[#   6]+0.162*[#   7]
          +0.162*[#   8]
    |psi|^2 = 0.971
==== e(   5) =     8.50012 eV ==== 
     psi = 0.151*[#   2]+0.151*[#   3]+0.151*[#   4]+0.151*[#   6]+0.151*[#   7]
          +0.151*[#   8]+0.030*[#   1]+0.030*[#   5]
    |psi|^2 = 0.964
==== e(   6) =     9.35409 eV ==== 
     psi = 0.158*[#   2]+0.158*[#   3]+0.158*[#   4]+0.158*[#   6]+0.158*[#   7]
          +0.158*[#   8]
    |psi|^2 = 0.949
==== e(   7) =     9.35409 eV ==== 
     psi = 0.158*[#   2]+0.158*[#   3]+0.158*[#   4]+0.158*[#   6]+0.158*[#   7]
          +0.158*[#   8]
    |psi|^2 = 0.949
==== e(   8) =    10.21857 eV ==== 
     psi = 0.404*[#   1]+0.404*[#   5]+0.029*[#   2]+0.029*[#   3]+0.029*[#   4]
          +0.029*[#   6]+0.029*[#   7]+0.029*[#   8]
    |psi|^2 = 0.980

 k =  -0.0833333333  0.2500000000 -0.0833333333
==== e(   1) =    -5.42385 eV ==== 
     psi = 0.428*[#   1]+0.428*[#   5]+0.023*[#   2]+0.023*[#   3]+0.023*[#   4]
          +0.023*[#   6]+0.023*[#   7]+0.023*[#   8]
    |psi|^2 = 0.996
==== e(   2) =     4.28184 eV ==== 
     psi = 0.126*[#   2]+0.126*[#   3]+0.126*[#   4]+0.126*[#   6]+0.126*[#   7]
          +0.126*[#   8]+0.112*[#   1]+0.112*[#   5]
    |psi|^2 = 0.979
==== e(   3) =     5.41535 eV ==== 
     psi = 0.163*[#   2]+0.163*[#   3]+0.163*[#   4]+0.163*[#   6]+0.163*[#   7]
          +0.163*[#   8]
    |psi|^2 = 0.977
==== e(   4) =     5.60672 eV ==== 
     psi = 0.153*[#   2]+0.153*[#   3]+0.153*[#   4]+0.153*[#   6]+0.153*[#   7]
          +0.153*[#   8]+0.027*[#   1]+0.027*[#   5]
    |psi|^2 = 0.975
==== e(   5) =     8.52286 eV ==== 
     psi = 0.141*[#   2]+0.141*[#   3]+0.141*[#   4]+0.141*[#   6]+0.141*[#   7]
          +0.141*[#   8]+0.053*[#   1]+0.053*[#   5]
    |psi|^2 = 0.953
==== e(   6) =     9.43796 eV ==== 
     psi = 0.123*[#   2]+0.123*[#   3]+0.123*[#   4]+0.123*[#   6]+0.123*[#   7]
          +0.123*[#   8]+0.107*[#   1]+0.107*[#   5]
    |psi|^2 = 0.952
==== e(   7) =     9.89313 eV ==== 
     psi = 0.155*[#   2]+0.155*[#   3]+0.155*[#   4]+0.155*[#   6]+0.155*[#   7]
          +0.155*[#   8]
    |psi|^2 = 0.931
==== e(   8) =    11.11553 eV ==== 
     psi = 0.219*[#   1]+0.219*[#   5]+0.068*[#   2]+0.068*[#   3]+0.068*[#   4]
          +0.068*[#   6]+0.068*[#   7]+0.068*[#   8]
    |psi|^2 = 0.849

 k =  -0.1666666667  0.3333333333 -0.1666666667
==== e(   1) =    -5.03977 eV ==== 
     psi = 0.387*[#   1]+0.387*[#   5]+0.037*[#   2]+0.037*[#   3]+0.037*[#   4]
          +0.037*[#   6]+0.037*[#   7]+0.037*[#   8]
    |psi|^2 = 0.996
==== e(   2) =     2.77874 eV ==== 
     psi = 0.141*[#   1]+0.141*[#   5]+0.117*[#   2]+0.117*[#   3]+0.117*[#   4]
          +0.117*[#   6]+0.117*[#   7]+0.117*[#   8]
    |psi|^2 = 0.985
==== e(   3) =     5.10183 eV ==== 
     psi = 0.164*[#   2]+0.164*[#   3]+0.164*[#   4]+0.164*[#   6]+0.164*[#   7]
          +0.164*[#   8]
    |psi|^2 = 0.982
==== e(   4) =     5.28295 eV ==== 
     psi = 0.150*[#   2]+0.150*[#   3]+0.150*[#   4]+0.150*[#   6]+0.150*[#   7]
          +0.150*[#   8]+0.040*[#   1]+0.040*[#   5]
    |psi|^2 = 0.980
==== e(   5) =     8.65065 eV ==== 
     psi = 0.133*[#   1]+0.133*[#   5]+0.110*[#   2]+0.110*[#   3]+0.110*[#   4]
          +0.110*[#   6]+0.110*[#   7]+0.110*[#   8]
    |psi|^2 = 0.928
==== e(   6) =     9.42734 eV ==== 
     psi = 0.129*[#   2]+0.129*[#   3]+0.129*[#   4]+0.129*[#   6]+0.129*[#   7]
          +0.129*[#   8]+0.083*[#   1]+0.083*[#   5]
    |psi|^2 = 0.941
==== e(   7) =    10.27925 eV ==== 
     psi = 0.148*[#   2]+0.148*[#   3]+0.148*[#   4]+0.148*[#   6]+0.148*[#   7]
          +0.148*[#   8]
    |psi|^2 = 0.887
==== e(   8) =    11.61612 eV ==== 
     psi = 0.084*[#   1]+0.084*[#   5]+0.044*[#   2]+0.044*[#   3]+0.044*[#   4]
          +0.044*[#   6]+0.044*[#   7]+0.044*[#   8]
    |psi|^2 = 0.435

 k =  -0.2500000000  0.4166666667 -0.2500000000
==== e(   1) =    -4.50356 eV ==== 
     psi = 0.361*[#   1]+0.361*[#   5]+0.046*[#   2]+0.046*[#   3]+0.046*[#   4]
          +0.046*[#   6]+0.046*[#   7]+0.046*[#   8]
    |psi|^2 = 0.995
==== e(   2) =     1.34117 eV ==== 
     psi = 0.156*[#   1]+0.156*[#   5]+0.113*[#   2]+0.113*[#   3]+0.113*[#   4]
          +0.113*[#   6]+0.113*[#   7]+0.113*[#   8]
    |psi|^2 = 0.988
==== e(   3) =     4.89166 eV ==== 
     psi = 0.164*[#   2]+0.164*[#   3]+0.164*[#   4]+0.164*[#   6]+0.164*[#   7]
          +0.164*[#   8]
    |psi|^2 = 0.985
==== e(   4) =     4.92935 eV ==== 
     psi = 0.149*[#   2]+0.149*[#   3]+0.149*[#   4]+0.149*[#   6]+0.149*[#   7]
          +0.149*[#   8]+0.046*[#   1]+0.046*[#   5]
    |psi|^2 = 0.985
==== e(   5) =     8.50746 eV ==== 
     psi = 0.211*[#   1]+0.211*[#   5]+0.082*[#   2]+0.082*[#   3]+0.082*[#   4]
          +0.082*[#   6]+0.082*[#   7]+0.082*[#   8]
    |psi|^2 = 0.913
==== e(   6) =     9.51003 eV ==== 
     psi = 0.131*[#   2]+0.131*[#   3]+0.131*[#   4]+0.131*[#   6]+0.131*[#   7]
          +0.131*[#   8]+0.035*[#   1]+0.035*[#   5]
    |psi|^2 = 0.856
==== e(   7) =    10.30265 eV ==== 
     psi = 0.136*[#   2]+0.136*[#   3]+0.136*[#   4]+0.136*[#   6]+0.136*[#   7]
          +0.136*[#   8]
    |psi|^2 = 0.814
==== e(   8) =    12.18655 eV ==== 
     psi = 0.058*[#   1]+0.058*[#   5]+0.041*[#   2]+0.041*[#   3]+0.041*[#   4]
          +0.041*[#   6]+0.041*[#   7]+0.041*[#   8]
    |psi|^2 = 0.365

 k =  -0.3333333333  0.5000000000 -0.3333333333
==== e(   1) =    -3.87760 eV ==== 
     psi = 0.357*[#   1]+0.357*[#   5]+0.047*[#   2]+0.047*[#   3]+0.047*[#   4]
          +0.047*[#   6]+0.047*[#   7]+0.047*[#   8]
    |psi|^2 = 0.996
==== e(   2) =     0.10991 eV ==== 
     psi = 0.152*[#   1]+0.152*[#   5]+0.114*[#   2]+0.114*[#   3]+0.114*[#   4]
          +0.114*[#   6]+0.114*[#   7]+0.114*[#   8]
    |psi|^2 = 0.988
==== e(   3) =     4.63272 eV ==== 
     psi = 0.149*[#   2]+0.149*[#   3]+0.149*[#   4]+0.149*[#   6]+0.149*[#   7]
          +0.149*[#   8]+0.047*[#   1]+0.047*[#   5]
    |psi|^2 = 0.987
==== e(   4) =     4.80176 eV ==== 
     psi = 0.164*[#   2]+0.164*[#   3]+0.164*[#   4]+0.164*[#   6]+0.164*[#   7]
          +0.164*[#   8]
    |psi|^2 = 0.987
==== e(   5) =     8.34196 eV ==== 
     psi = 0.249*[#   1]+0.249*[#   5]+0.068*[#   2]+0.068*[#   3]+0.068*[#   4]
          +0.068*[#   6]+0.068*[#   7]+0.068*[#   8]
    |psi|^2 = 0.904
==== e(   6) =     9.47736 eV ==== 
     psi = 0.123*[#   2]+0.123*[#   3]+0.123*[#   4]+0.123*[#   6]+0.123*[#   7]
          +0.123*[#   8]+0.022*[#   1]+0.022*[#   5]
    |psi|^2 = 0.785
==== e(   7) =    10.10722 eV ==== 
     psi = 0.128*[#   2]+0.128*[#   3]+0.128*[#   4]+0.128*[#   6]+0.128*[#   7]
          +0.128*[#   8]
    |psi|^2 = 0.770
==== e(   8) =    13.23585 eV ==== 
     psi = 0.049*[#   1]+0.049*[#   5]+0.046*[#   2]+0.046*[#   3]+0.046*[#   4]
          +0.046*[#   6]+0.046*[#   7]+0.046*[#   8]
    |psi|^2 = 0.371

 k =   0.5833333333 -0.4166666667  0.5833333333
==== e(   1) =    -3.38641 eV ==== 
     psi = 0.377*[#   1]+0.377*[#   5]+0.041*[#   2]+0.041*[#   3]+0.041*[#   4]
          +0.041*[#   6]+0.041*[#   7]+0.041*[#   8]
    |psi|^2 = 0.997
==== e(   2) =    -0.66063 eV ==== 
     psi = 0.129*[#   1]+0.129*[#   5]+0.122*[#   2]+0.122*[#   3]+0.122*[#   4]
          +0.122*[#   6]+0.122*[#   7]+0.122*[#   8]
    |psi|^2 = 0.987
==== e(   3) =     4.42743 eV ==== 
     psi = 0.149*[#   2]+0.149*[#   3]+0.149*[#   4]+0.149*[#   6]+0.149*[#   7]
          +0.149*[#   8]+0.047*[#   1]+0.047*[#   5]
    |psi|^2 = 0.988
==== e(   4) =     4.83272 eV ==== 
     psi = 0.165*[#   2]+0.165*[#   3]+0.165*[#   4]+0.165*[#   6]+0.165*[#   7]
          +0.165*[#   8]
    |psi|^2 = 0.988
==== e(   5) =     8.26185 eV ==== 
     psi = 0.268*[#   1]+0.268*[#   5]+0.061*[#   2]+0.061*[#   3]+0.061*[#   4]
          +0.061*[#   6]+0.061*[#   7]+0.061*[#   8]
    |psi|^2 = 0.901
==== e(   6) =     9.47912 eV ==== 
     psi = 0.121*[#   2]+0.121*[#   3]+0.121*[#   4]+0.121*[#   6]+0.121*[#   7]
          +0.121*[#   8]+0.018*[#   1]+0.018*[#   5]
    |psi|^2 = 0.760
==== e(   7) =     9.90722 eV ==== 
     psi = 0.126*[#   2]+0.126*[#   3]+0.126*[#   4]+0.126*[#   6]+0.126*[#   7]
          +0.126*[#   8]
    |psi|^2 = 0.756
==== e(   8) =    14.13848 eV ==== 
     psi = 0.039*[#   2]+0.039*[#   3]+0.039*[#   4]+0.039*[#   6]+0.039*[#   7]
          +0.039*[#   8]+0.036*[#   1]+0.036*[#   5]
    |psi|^2 = 0.304

 k =   0.5000000000 -0.3333333333  0.5000000000
==== e(   1) =    -3.50738 eV ==== 
     psi = 0.370*[#   1]+0.370*[#   5]+0.043*[#   2]+0.043*[#   3]+0.043*[#   4]
          +0.043*[#   6]+0.043*[#   7]+0.043*[#   8]
    |psi|^2 = 0.996
==== e(   2) =    -0.48272 eV ==== 
     psi = 0.137*[#   1]+0.137*[#   5]+0.119*[#   2]+0.119*[#   3]+0.119*[#   4]
          +0.119*[#   6]+0.119*[#   7]+0.119*[#   8]
    |psi|^2 = 0.988
==== e(   3) =     4.33186 eV ==== 
     psi = 0.150*[#   2]+0.150*[#   3]+0.150*[#   4]+0.150*[#   6]+0.150*[#   7]
          +0.150*[#   8]+0.044*[#   1]+0.044*[#   5]
    |psi|^2 = 0.988
==== e(   4) =     4.97601 eV ==== 
     psi = 0.165*[#   2]+0.165*[#   3]+0.165*[#   4]+0.165*[#   6]+0.165*[#   7]
          +0.165*[#   8]
    |psi|^2 = 0.988
==== e(   5) =     8.28894 eV ==== 
     psi = 0.272*[#   1]+0.272*[#   5]+0.060*[#   2]+0.060*[#   3]+0.060*[#   4]
          +0.060*[#   6]+0.060*[#   7]+0.060*[#   8]
    |psi|^2 = 0.906
==== e(   6) =     9.59569 eV ==== 
     psi = 0.122*[#   2]+0.122*[#   3]+0.122*[#   4]+0.122*[#   6]+0.122*[#   7]
          +0.122*[#   8]+0.014*[#   1]+0.014*[#   5]
    |psi|^2 = 0.757
==== e(   7) =     9.79606 eV ==== 
     psi = 0.127*[#   2]+0.127*[#   3]+0.127*[#   4]+0.127*[#   6]+0.127*[#   7]
          +0.127*[#   8]
    |psi|^2 = 0.762
==== e(   8) =    14.24688 eV ==== 
     psi = 0.038*[#   2]+0.038*[#   3]+0.038*[#   4]+0.038*[#   6]+0.038*[#   7]
          +0.038*[#   8]+0.037*[#   1]+0.037*[#   5]
    |psi|^2 = 0.305

 k =   0.4166666667 -0.2500000000  0.4166666667
==== e(   1) =    -4.08967 eV ==== 
     psi = 0.356*[#   1]+0.356*[#   5]+0.047*[#   2]+0.047*[#   3]+0.047*[#   4]
          +0.047*[#   6]+0.047*[#   7]+0.047*[#   8]
    |psi|^2 = 0.996
==== e(   2) =     0.49045 eV ==== 
     psi = 0.155*[#   1]+0.155*[#   5]+0.113*[#   2]+0.113*[#   3]+0.113*[#   4]
          +0.113*[#   6]+0.113*[#   7]+0.113*[#   8]
    |psi|^2 = 0.989
==== e(   3) =     4.35905 eV ==== 
     psi = 0.151*[#   2]+0.151*[#   3]+0.151*[#   4]+0.151*[#   6]+0.151*[#   7]
          +0.151*[#   8]+0.041*[#   1]+0.041*[#   5]
    |psi|^2 = 0.987
==== e(   4) =     5.21598 eV ==== 
     psi = 0.164*[#   2]+0.164*[#   3]+0.164*[#   4]+0.164*[#   6]+0.164*[#   7]
          +0.164*[#   8]
    |psi|^2 = 0.986
==== e(   5) =     8.42206 eV ==== 
     psi = 0.258*[#   1]+0.258*[#   5]+0.067*[#   2]+0.067*[#   3]+0.067*[#   4]
          +0.067*[#   6]+0.067*[#   7]+0.067*[#   8]
    |psi|^2 = 0.917
==== e(   6) =     9.76381 eV ==== 
     psi = 0.133*[#   2]+0.133*[#   3]+0.133*[#   4]+0.133*[#   6]+0.133*[#   7]
          +0.133*[#   8]
    |psi|^2 = 0.798
==== e(   7) =     9.80529 eV ==== 
     psi = 0.125*[#   2]+0.125*[#   3]+0.125*[#   4]+0.125*[#   6]+0.125*[#   7]
          +0.125*[#   8]+0.011*[#   1]+0.011*[#   5]
    |psi|^2 = 0.773
==== e(   8) =    13.70352 eV ==== 
     psi = 0.077*[#   1]+0.077*[#   5]+0.058*[#   2]+0.058*[#   3]+0.058*[#   4]
          +0.058*[#   6]+0.058*[#   7]+0.058*[#   8]
    |psi|^2 = 0.503

 k =   0.3333333333 -0.1666666667  0.3333333333
==== e(   1) =    -4.69793 eV ==== 
     psi = 0.368*[#   1]+0.368*[#   5]+0.043*[#   2]+0.043*[#   3]+0.043*[#   4]
          +0.043*[#   6]+0.043*[#   7]+0.043*[#   8]
    |psi|^2 = 0.995
==== e(   2) =     1.80594 eV ==== 
     psi = 0.152*[#   1]+0.152*[#   5]+0.114*[#   2]+0.114*[#   3]+0.114*[#   4]
          +0.114*[#   6]+0.114*[#   7]+0.114*[#   8]
    |psi|^2 = 0.987
==== e(   3) =     4.51881 eV ==== 
     psi = 0.152*[#   2]+0.152*[#   3]+0.152*[#   4]+0.152*[#   6]+0.152*[#   7]
          +0.152*[#   8]+0.036*[#   1]+0.036*[#   5]
    |psi|^2 = 0.985
==== e(   4) =     5.52652 eV ==== 
     psi = 0.164*[#   2]+0.164*[#   3]+0.164*[#   4]+0.164*[#   6]+0.164*[#   7]
          +0.164*[#   8]
    |psi|^2 = 0.982
==== e(   5) =     8.64790 eV ==== 
     psi = 0.228*[#   1]+0.228*[#   5]+0.079*[#   2]+0.079*[#   3]+0.079*[#   4]
          +0.079*[#   6]+0.079*[#   7]+0.079*[#   8]
    |psi|^2 = 0.931
==== e(   6) =     9.68241 eV ==== 
     psi = 0.146*[#   2]+0.146*[#   3]+0.146*[#   4]+0.146*[#   6]+0.146*[#   7]
          +0.146*[#   8]
    |psi|^2 = 0.878
==== e(   7) =     9.95794 eV ==== 
     psi = 0.134*[#   2]+0.134*[#   3]+0.134*[#   4]+0.134*[#   6]+0.134*[#   7]
          +0.134*[#   8]+0.014*[#   1]+0.014*[#   5]
    |psi|^2 = 0.831
==== e(   8) =    12.73517 eV ==== 
     psi = 0.114*[#   1]+0.114*[#   5]+0.062*[#   2]+0.062*[#   3]+0.062*[#   4]
          +0.062*[#   6]+0.062*[#   7]+0.062*[#   8]
    |psi|^2 = 0.602

 k =   0.2500000000 -0.0833333333  0.2500000000
==== e(   1) =    -5.18691 eV ==== 
     psi = 0.400*[#   1]+0.400*[#   5]+0.033*[#   2]+0.033*[#   3]+0.033*[#   4]
          +0.033*[#   6]+0.033*[#   7]+0.033*[#   8]
    |psi|^2 = 0.996
==== e(   2) =     3.26588 eV ==== 
     psi = 0.133*[#   1]+0.133*[#   5]+0.120*[#   2]+0.120*[#   3]+0.120*[#   4]
          +0.120*[#   6]+0.120*[#   7]+0.120*[#   8]
    |psi|^2 = 0.984
==== e(   3) =     4.82303 eV ==== 
     psi = 0.154*[#   2]+0.154*[#   3]+0.154*[#   4]+0.154*[#   6]+0.154*[#   7]
          +0.154*[#   8]+0.028*[#   1]+0.028*[#   5]
    |psi|^2 = 0.982
==== e(   4) =     5.85651 eV ==== 
     psi = 0.163*[#   2]+0.163*[#   3]+0.163*[#   4]+0.163*[#   6]+0.163*[#   7]
          +0.163*[#   8]
    |psi|^2 = 0.976
==== e(   5) =     8.93012 eV ==== 
     psi = 0.179*[#   1]+0.179*[#   5]+0.097*[#   2]+0.097*[#   3]+0.097*[#   4]
          +0.097*[#   6]+0.097*[#   7]+0.097*[#   8]
    |psi|^2 = 0.944
==== e(   6) =     9.38194 eV ==== 
     psi = 0.157*[#   2]+0.157*[#   3]+0.157*[#   4]+0.157*[#   6]+0.157*[#   7]
          +0.157*[#   8]
    |psi|^2 = 0.944
==== e(   7) =     9.74465 eV ==== 
     psi = 0.140*[#   2]+0.140*[#   3]+0.140*[#   4]+0.140*[#   6]+0.140*[#   7]
          +0.140*[#   8]+0.033*[#   1]+0.033*[#   5]
    |psi|^2 = 0.908
==== e(   8) =    11.95593 eV ==== 
     psi = 0.172*[#   1]+0.172*[#   5]+0.073*[#   2]+0.073*[#   3]+0.073*[#   4]
          +0.073*[#   6]+0.073*[#   7]+0.073*[#   8]
    |psi|^2 = 0.780

 k =   0.1666666667 -0.0000000000  0.1666666667
==== e(   1) =    -5.51439 eV ==== 
     psi = 0.443*[#   1]+0.443*[#   5]+0.018*[#   2]+0.018*[#   3]+0.018*[#   4]
          +0.018*[#   6]+0.018*[#   7]+0.018*[#   8]
    |psi|^2 = 0.996
==== e(   2) =     4.62022 eV ==== 
     psi = 0.130*[#   2]+0.130*[#   3]+0.130*[#   4]+0.130*[#   6]+0.130*[#   7]
          +0.130*[#   8]+0.100*[#   1]+0.100*[#   5]
    |psi|^2 = 0.977
==== e(   3) =     5.34575 eV ==== 
     psi = 0.159*[#   2]+0.159*[#   3]+0.159*[#   4]+0.159*[#   6]+0.159*[#   7]
          +0.159*[#   8]+0.012*[#   1]+0.012*[#   5]
    |psi|^2 = 0.977
==== e(   4) =     6.09243 eV ==== 
     psi = 0.161*[#   2]+0.161*[#   3]+0.161*[#   4]+0.161*[#   6]+0.161*[#   7]
          +0.161*[#   8]
    |psi|^2 = 0.968
==== e(   5) =     9.02382 eV ==== 
     psi = 0.160*[#   2]+0.160*[#   3]+0.160*[#   4]+0.160*[#   6]+0.160*[#   7]
          +0.160*[#   8]
    |psi|^2 = 0.960
==== e(   6) =     9.14470 eV ==== 
     psi = 0.129*[#   1]+0.129*[#   5]+0.117*[#   2]+0.117*[#   3]+0.117*[#   4]
          +0.117*[#   6]+0.117*[#   7]+0.117*[#   8]
    |psi|^2 = 0.961
==== e(   7) =     9.18074 eV ==== 
     psi = 0.143*[#   2]+0.143*[#   3]+0.143*[#   4]+0.143*[#   6]+0.143*[#   7]
          +0.143*[#   8]+0.040*[#   1]+0.040*[#   5]
    |psi|^2 = 0.935
==== e(   8) =    11.03935 eV ==== 
     psi = 0.259*[#   1]+0.259*[#   5]+0.072*[#   2]+0.072*[#   3]+0.072*[#   4]
          +0.072*[#   6]+0.072*[#   7]+0.072*[#   8]
    |psi|^2 = 0.950

 k =   0.0000000000  0.3333333333  0.0000000000
==== e(   1) =    -5.27216 eV ==== 
     psi = 0.406*[#   1]+0.406*[#   5]+0.031*[#   2]+0.031*[#   3]+0.031*[#   4]
          +0.031*[#   6]+0.031*[#   7]+0.031*[#   8]
    |psi|^2 = 0.996
==== e(   2) =     4.17187 eV ==== 
     psi = 0.168*[#   1]+0.168*[#   5]+0.107*[#   2]+0.107*[#   3]+0.107*[#   4]
          +0.107*[#   6]+0.107*[#   7]+0.107*[#   8]
    |psi|^2 = 0.978
==== e(   3) =     5.01588 eV ==== 
     psi = 0.164*[#   2]+0.164*[#   3]+0.164*[#   4]+0.164*[#   6]+0.164*[#   7]
          +0.164*[#   8]
    |psi|^2 = 0.983
==== e(   4) =     5.01588 eV ==== 
     psi = 0.164*[#   2]+0.164*[#   3]+0.164*[#   4]+0.164*[#   6]+0.164*[#   7]
          +0.164*[#   8]
    |psi|^2 = 0.983
==== e(   5) =     7.91613 eV ==== 
     psi = 0.130*[#   2]+0.130*[#   3]+0.130*[#   4]+0.130*[#   6]+0.130*[#   7]
          +0.130*[#   8]+0.088*[#   1]+0.088*[#   5]
    |psi|^2 = 0.958
==== e(   6) =    10.51535 eV ==== 
     psi = 0.203*[#   1]+0.203*[#   5]+0.044*[#   2]+0.044*[#   3]+0.044*[#   4]
          +0.044*[#   6]+0.044*[#   7]+0.044*[#   8]
    |psi|^2 = 0.667
==== e(   7) =    10.55841 eV ==== 
     psi = 0.152*[#   2]+0.152*[#   3]+0.152*[#   4]+0.152*[#   6]+0.152*[#   7]
          +0.152*[#   8]
    |psi|^2 = 0.915
==== e(   8) =    10.55841 eV ==== 
     psi = 0.152*[#   2]+0.152*[#   3]+0.152*[#   4]+0.152*[#   6]+0.152*[#   7]
          +0.152*[#   8]
    |psi|^2 = 0.915

 k =  -0.0833333333  0.4166666667 -0.0833333333
==== e(   1) =    -4.94486 eV ==== 
     psi = 0.375*[#   1]+0.375*[#   5]+0.041*[#   2]+0.041*[#   3]+0.041*[#   4]
          +0.041*[#   6]+0.041*[#   7]+0.041*[#   8]
    |psi|^2 = 0.995
==== e(   2) =     3.08352 eV ==== 
     psi = 0.173*[#   1]+0.173*[#   5]+0.106*[#   2]+0.106*[#   3]+0.106*[#   4]
          +0.106*[#   6]+0.106*[#   7]+0.106*[#   8]
    |psi|^2 = 0.984
==== e(   3) =     4.66863 eV ==== 
     psi = 0.153*[#   2]+0.153*[#   3]+0.153*[#   4]+0.153*[#   6]+0.153*[#   7]
          +0.153*[#   8]+0.033*[#   1]+0.033*[#   5]
    |psi|^2 = 0.985
==== e(   4) =     4.68110 eV ==== 
     psi = 0.164*[#   2]+0.164*[#   3]+0.164*[#   4]+0.164*[#   6]+0.164*[#   7]
          +0.164*[#   8]
    |psi|^2 = 0.986
==== e(   5) =     7.93618 eV ==== 
     psi = 0.125*[#   2]+0.125*[#   3]+0.125*[#   4]+0.125*[#   6]+0.125*[#   7]
          +0.125*[#   8]+0.097*[#   1]+0.097*[#   5]
    |psi|^2 = 0.945
==== e(   6) =    10.11164 eV ==== 
     psi = 0.161*[#   1]+0.161*[#   5]+0.050*[#   2]+0.050*[#   3]+0.050*[#   4]
          +0.050*[#   6]+0.050*[#   7]+0.050*[#   8]
    |psi|^2 = 0.620
==== e(   7) =    10.89654 eV ==== 
     psi = 0.120*[#   2]+0.120*[#   3]+0.120*[#   4]+0.120*[#   6]+0.120*[#   7]
          +0.120*[#   8]+0.009*[#   1]+0.009*[#   5]
    |psi|^2 = 0.739
==== e(   8) =    11.12196 eV ==== 
     psi = 0.147*[#   2]+0.147*[#   3]+0.147*[#   4]+0.147*[#   6]+0.147*[#   7]
          +0.147*[#   8]
    |psi|^2 = 0.880

 k =  -0.1666666667  0.5000000000 -0.1666666667
==== e(   1) =    -4.45654 eV ==== 
     psi = 0.350*[#   1]+0.350*[#   5]+0.049*[#   2]+0.049*[#   3]+0.049*[#   4]
          +0.049*[#   6]+0.049*[#   7]+0.049*[#   8]
    |psi|^2 = 0.995
==== e(   2) =     1.77158 eV ==== 
     psi = 0.179*[#   1]+0.179*[#   5]+0.105*[#   2]+0.105*[#   3]+0.105*[#   4]
          +0.105*[#   6]+0.105*[#   7]+0.105*[#   8]
    |psi|^2 = 0.988
==== e(   3) =     4.21588 eV ==== 
     psi = 0.145*[#   2]+0.145*[#   3]+0.145*[#   4]+0.145*[#   6]+0.145*[#   7]
          +0.145*[#   8]+0.058*[#   1]+0.058*[#   5]
    |psi|^2 = 0.988
==== e(   4) =     4.46220 eV ==== 
     psi = 0.165*[#   2]+0.165*[#   3]+0.165*[#   4]+0.165*[#   6]+0.165*[#   7]
          +0.165*[#   8]
    |psi|^2 = 0.988
==== e(   5) =     8.17723 eV ==== 
     psi = 0.114*[#   2]+0.114*[#   3]+0.114*[#   4]+0.114*[#   6]+0.114*[#   7]
          +0.114*[#   8]+0.106*[#   1]+0.106*[#   5]
    |psi|^2 = 0.894
==== e(   6) =    10.28046 eV ==== 
     psi = 0.152*[#   1]+0.152*[#   5]+0.065*[#   2]+0.065*[#   3]+0.065*[#   4]
          +0.065*[#   6]+0.065*[#   7]+0.065*[#   8]
    |psi|^2 = 0.696
==== e(   7) =    10.73907 eV ==== 
     psi = 0.093*[#   2]+0.093*[#   3]+0.093*[#   4]+0.093*[#   6]+0.093*[#   7]
          +0.093*[#   8]+0.029*[#   1]+0.029*[#   5]
    |psi|^2 = 0.617
==== e(   8) =    11.28964 eV ==== 
     psi = 0.134*[#   2]+0.134*[#   3]+0.134*[#   4]+0.134*[#   6]+0.134*[#   7]
          +0.134*[#   8]
    |psi|^2 = 0.805

 k =  -0.2500000000  0.5833333333 -0.2500000000
==== e(   1) =    -3.84840 eV ==== 
     psi = 0.341*[#   1]+0.341*[#   5]+0.052*[#   2]+0.052*[#   3]+0.052*[#   4]
          +0.052*[#   6]+0.052*[#   7]+0.052*[#   8]
    |psi|^2 = 0.995
==== e(   2) =     0.53576 eV ==== 
     psi = 0.178*[#   1]+0.178*[#   5]+0.106*[#   2]+0.106*[#   3]+0.106*[#   4]
          +0.106*[#   6]+0.106*[#   7]+0.106*[#   8]
    |psi|^2 = 0.990
==== e(   3) =     3.77628 eV ==== 
     psi = 0.143*[#   2]+0.143*[#   3]+0.143*[#   4]+0.143*[#   6]+0.143*[#   7]
          +0.143*[#   8]+0.067*[#   1]+0.067*[#   5]
    |psi|^2 = 0.990
==== e(   4) =     4.37814 eV ==== 
     psi = 0.165*[#   2]+0.165*[#   3]+0.165*[#   4]+0.165*[#   6]+0.165*[#   7]
          +0.165*[#   8]
    |psi|^2 = 0.989
==== e(   5) =     8.22291 eV ==== 
     psi = 0.123*[#   1]+0.123*[#   5]+0.100*[#   2]+0.100*[#   3]+0.100*[#   4]
          +0.100*[#   6]+0.100*[#   7]+0.100*[#   8]
    |psi|^2 = 0.844
==== e(   6) =    10.47271 eV ==== 
     psi = 0.102*[#   2]+0.102*[#   3]+0.102*[#   4]+0.102*[#   6]+0.102*[#   7]
          +0.102*[#   8]+0.101*[#   1]+0.101*[#   5]
    |psi|^2 = 0.811
==== e(   7) =    11.10922 eV ==== 
     psi = 0.124*[#   2]+0.124*[#   3]+0.124*[#   4]+0.124*[#   6]+0.124*[#   7]
          +0.124*[#   8]
    |psi|^2 = 0.745
==== e(   8) =    11.26706 eV ==== 
     psi = 0.080*[#   1]+0.080*[#   5]+0.054*[#   2]+0.054*[#   3]+0.054*[#   4]
          +0.054*[#   6]+0.054*[#   7]+0.054*[#   8]
    |psi|^2 = 0.485

 k =   0.6666666667 -0.3333333333  0.6666666667
==== e(   1) =    -3.26446 eV ==== 
     psi = 0.353*[#   1]+0.353*[#   5]+0.048*[#   2]+0.048*[#   3]+0.048*[#   4]
          +0.048*[#   6]+0.048*[#   7]+0.048*[#   8]
    |psi|^2 = 0.996
==== e(   2) =    -0.39934 eV ==== 
     psi = 0.160*[#   1]+0.160*[#   5]+0.112*[#   2]+0.112*[#   3]+0.112*[#   4]
          +0.112*[#   6]+0.112*[#   7]+0.112*[#   8]
    |psi|^2 = 0.989
==== e(   3) =     3.43135 eV ==== 
     psi = 0.143*[#   2]+0.143*[#   3]+0.143*[#   4]+0.143*[#   6]+0.143*[#   7]
          +0.143*[#   8]+0.068*[#   1]+0.068*[#   5]
    |psi|^2 = 0.991
==== e(   4) =     4.43196 eV ==== 
     psi = 0.165*[#   2]+0.165*[#   3]+0.165*[#   4]+0.165*[#   6]+0.165*[#   7]
          +0.165*[#   8]
    |psi|^2 = 0.990
==== e(   5) =     8.25453 eV ==== 
     psi = 0.132*[#   1]+0.132*[#   5]+0.095*[#   2]+0.095*[#   3]+0.095*[#   4]
          +0.095*[#   6]+0.095*[#   7]+0.095*[#   8]
    |psi|^2 = 0.833
==== e(   6) =    10.33027 eV ==== 
     psi = 0.105*[#   1]+0.105*[#   5]+0.091*[#   2]+0.091*[#   3]+0.091*[#   4]
          +0.091*[#   6]+0.091*[#   7]+0.091*[#   8]
    |psi|^2 = 0.756
==== e(   7) =    10.83609 eV ==== 
     psi = 0.121*[#   2]+0.121*[#   3]+0.121*[#   4]+0.121*[#   6]+0.121*[#   7]
          +0.121*[#   8]
    |psi|^2 = 0.724
==== e(   8) =    12.63759 eV ==== 
     psi = 0.068*[#   1]+0.068*[#   5]+0.053*[#   2]+0.053*[#   3]+0.053*[#   4]
          +0.053*[#   6]+0.053*[#   7]+0.053*[#   8]
    |psi|^2 = 0.455

 k =   0.5833333333 -0.2500000000  0.5833333333
==== e(   1) =    -3.14991 eV ==== 
     psi = 0.360*[#   1]+0.360*[#   5]+0.046*[#   2]+0.046*[#   3]+0.046*[#   4]
          +0.046*[#   6]+0.046*[#   7]+0.046*[#   8]
    |psi|^2 = 0.997
==== e(   2) =    -0.55934 eV ==== 
     psi = 0.151*[#   1]+0.151*[#   5]+0.114*[#   2]+0.114*[#   3]+0.114*[#   4]
          +0.114*[#   6]+0.114*[#   7]+0.114*[#   8]
    |psi|^2 = 0.989
==== e(   3) =     3.21717 eV ==== 
     psi = 0.143*[#   2]+0.143*[#   3]+0.143*[#   4]+0.143*[#   6]+0.143*[#   7]
          +0.143*[#   8]+0.065*[#   1]+0.065*[#   5]
    |psi|^2 = 0.991
==== e(   4) =     4.61610 eV ==== 
     psi = 0.165*[#   2]+0.165*[#   3]+0.165*[#   4]+0.165*[#   6]+0.165*[#   7]
          +0.165*[#   8]
    |psi|^2 = 0.989
==== e(   5) =     8.39948 eV ==== 
     psi = 0.136*[#   1]+0.136*[#   5]+0.094*[#   2]+0.094*[#   3]+0.094*[#   4]
          +0.094*[#   6]+0.094*[#   7]+0.094*[#   8]
    |psi|^2 = 0.839
==== e(   6) =    10.28300 eV ==== 
     psi = 0.107*[#   1]+0.107*[#   5]+0.088*[#   2]+0.088*[#   3]+0.088*[#   4]
          +0.088*[#   6]+0.088*[#   7]+0.088*[#   8]
    |psi|^2 = 0.741
==== e(   7) =    10.60933 eV ==== 
     psi = 0.122*[#   2]+0.122*[#   3]+0.122*[#   4]+0.122*[#   6]+0.122*[#   7]
          +0.122*[#   8]
    |psi|^2 = 0.732
==== e(   8) =    14.19410 eV ==== 
     psi = 0.049*[#   1]+0.049*[#   5]+0.043*[#   2]+0.043*[#   3]+0.043*[#   4]
          +0.043*[#   6]+0.043*[#   7]+0.043*[#   8]
    |psi|^2 = 0.355

 k =   0.5000000000 -0.1666666667  0.5000000000
==== e(   1) =    -3.64968 eV ==== 
     psi = 0.345*[#   1]+0.345*[#   5]+0.051*[#   2]+0.051*[#   3]+0.051*[#   4]
          +0.051*[#   6]+0.051*[#   7]+0.051*[#   8]
    |psi|^2 = 0.996
==== e(   2) =     0.20036 eV ==== 
     psi = 0.171*[#   1]+0.171*[#   5]+0.108*[#   2]+0.108*[#   3]+0.108*[#   4]
          +0.108*[#   6]+0.108*[#   7]+0.108*[#   8]
    |psi|^2 = 0.990
==== e(   3) =     3.16040 eV ==== 
     psi = 0.145*[#   2]+0.145*[#   3]+0.145*[#   4]+0.145*[#   6]+0.145*[#   7]
          +0.145*[#   8]+0.061*[#   1]+0.061*[#   5]
    |psi|^2 = 0.990
==== e(   4) =     4.91149 eV ==== 
     psi = 0.165*[#   2]+0.165*[#   3]+0.165*[#   4]+0.165*[#   6]+0.165*[#   7]
          +0.165*[#   8]
    |psi|^2 = 0.988
==== e(   5) =     8.66478 eV ==== 
     psi = 0.137*[#   1]+0.137*[#   5]+0.097*[#   2]+0.097*[#   3]+0.097*[#   4]
          +0.097*[#   6]+0.097*[#   7]+0.097*[#   8]
    |psi|^2 = 0.854
==== e(   6) =    10.33754 eV ==== 
     psi = 0.095*[#   1]+0.095*[#   5]+0.092*[#   2]+0.092*[#   3]+0.092*[#   4]
          +0.092*[#   6]+0.092*[#   7]+0.092*[#   8]
    |psi|^2 = 0.740
==== e(   7) =    10.44296 eV ==== 
     psi = 0.130*[#   2]+0.130*[#   3]+0.130*[#   4]+0.130*[#   6]+0.130*[#   7]
          +0.130*[#   8]
    |psi|^2 = 0.781
==== e(   8) =    13.50945 eV ==== 
     psi = 0.097*[#   1]+0.097*[#   5]+0.061*[#   2]+0.061*[#   3]+0.061*[#   4]
          +0.061*[#   6]+0.061*[#   7]+0.061*[#   8]
    |psi|^2 = 0.559

 k =   0.4166666667 -0.0833333333  0.4166666667
==== e(   1) =    -4.27443 eV ==== 
     psi = 0.349*[#   1]+0.349*[#   5]+0.050*[#   2]+0.050*[#   3]+0.050*[#   4]
          +0.050*[#   6]+0.050*[#   7]+0.050*[#   8]
    |psi|^2 = 0.995
==== e(   2) =     1.34831 eV ==== 
     psi = 0.177*[#   1]+0.177*[#   5]+0.106*[#   2]+0.106*[#   3]+0.106*[#   4]
          +0.106*[#   6]+0.106*[#   7]+0.106*[#   8]
    |psi|^2 = 0.990
==== e(   3) =     3.30481 eV ==== 
     psi = 0.147*[#   2]+0.147*[#   3]+0.147*[#   4]+0.147*[#   6]+0.147*[#   7]
          +0.147*[#   8]+0.052*[#   1]+0.052*[#   5]
    |psi|^2 = 0.989
==== e(   4) =     5.28017 eV ==== 
     psi = 0.164*[#   2]+0.164*[#   3]+0.164*[#   4]+0.164*[#   6]+0.164*[#   7]
          +0.164*[#   8]
    |psi|^2 = 0.985
==== e(   5) =     8.99677 eV ==== 
     psi = 0.135*[#   1]+0.135*[#   5]+0.102*[#   2]+0.102*[#   3]+0.102*[#   4]
          +0.102*[#   6]+0.102*[#   7]+0.102*[#   8]
    |psi|^2 = 0.882
==== e(   6) =    10.21418 eV ==== 
     psi = 0.148*[#   2]+0.148*[#   3]+0.148*[#   4]+0.148*[#   6]+0.148*[#   7]
          +0.148*[#   8]
    |psi|^2 = 0.886
==== e(   7) =    10.39276 eV ==== 
     psi = 0.103*[#   2]+0.103*[#   3]+0.103*[#   4]+0.103*[#   6]+0.103*[#   7]
          +0.103*[#   8]+0.077*[#   1]+0.077*[#   5]
    |psi|^2 = 0.773
==== e(   8) =    12.34891 eV ==== 
     psi = 0.129*[#   1]+0.129*[#   5]+0.063*[#   2]+0.063*[#   3]+0.063*[#   4]
          +0.063*[#   6]+0.063*[#   7]+0.063*[#   8]
    |psi|^2 = 0.635

 k =   0.3333333333  0.0000000000  0.3333333333
==== e(   1) =    -4.80664 eV ==== 
     psi = 0.370*[#   1]+0.370*[#   5]+0.043*[#   2]+0.043*[#   3]+0.043*[#   4]
          +0.043*[#   6]+0.043*[#   7]+0.043*[#   8]
    |psi|^2 = 0.995
==== e(   2) =     2.49119 eV ==== 
     psi = 0.167*[#   1]+0.167*[#   5]+0.109*[#   2]+0.109*[#   3]+0.109*[#   4]
          +0.109*[#   6]+0.109*[#   7]+0.109*[#   8]
    |psi|^2 = 0.987
==== e(   3) =     3.79558 eV ==== 
     psi = 0.151*[#   2]+0.151*[#   3]+0.151*[#   4]+0.151*[#   6]+0.151*[#   7]
          +0.151*[#   8]+0.040*[#   1]+0.040*[#   5]
    |psi|^2 = 0.987
==== e(   4) =     5.64480 eV ==== 
     psi = 0.163*[#   2]+0.163*[#   3]+0.163*[#   4]+0.163*[#   6]+0.163*[#   7]
          +0.163*[#   8]
    |psi|^2 = 0.981
==== e(   5) =     9.25303 eV ==== 
     psi = 0.137*[#   1]+0.137*[#   5]+0.108*[#   2]+0.108*[#   3]+0.108*[#   4]
          +0.108*[#   6]+0.108*[#   7]+0.108*[#   8]
    |psi|^2 = 0.921
==== e(   6) =     9.77028 eV ==== 
     psi = 0.157*[#   2]+0.157*[#   3]+0.157*[#   4]+0.157*[#   6]+0.157*[#   7]
          +0.157*[#   8]
    |psi|^2 = 0.942
==== e(   7) =    10.06237 eV ==== 
     psi = 0.118*[#   2]+0.118*[#   3]+0.118*[#   4]+0.118*[#   6]+0.118*[#   7]
          +0.118*[#   8]+0.074*[#   1]+0.074*[#   5]
    |psi|^2 = 0.856
==== e(   8) =    11.88105 eV ==== 
     psi = 0.136*[#   1]+0.136*[#   5]+0.061*[#   2]+0.061*[#   3]+0.061*[#   4]
          +0.061*[#   6]+0.061*[#   7]+0.061*[#   8]
    |psi|^2 = 0.635

 k =   0.0000000000  0.5000000000  0.0000000000
==== e(   1) =    -4.67409 eV ==== 
     psi = 0.354*[#   1]+0.354*[#   5]+0.048*[#   2]+0.048*[#   3]+0.048*[#   4]
          +0.048*[#   6]+0.048*[#   7]+0.048*[#   8]
    |psi|^2 = 0.995
==== e(   2) =     2.69211 eV ==== 
     psi = 0.215*[#   1]+0.215*[#   5]+0.093*[#   2]+0.093*[#   3]+0.093*[#   4]
          +0.093*[#   6]+0.093*[#   7]+0.093*[#   8]
    |psi|^2 = 0.986
==== e(   3) =     4.31831 eV ==== 
     psi = 0.165*[#   2]+0.165*[#   3]+0.165*[#   4]+0.165*[#   6]+0.165*[#   7]
          +0.165*[#   8]
    |psi|^2 = 0.989
==== e(   4) =     4.31831 eV ==== 
     psi = 0.165*[#   2]+0.165*[#   3]+0.165*[#   4]+0.165*[#   6]+0.165*[#   7]
          +0.165*[#   8]
    |psi|^2 = 0.989
==== e(   5) =     7.34184 eV ==== 
     psi = 0.135*[#   1]+0.135*[#   5]+0.113*[#   2]+0.113*[#   3]+0.113*[#   4]
          +0.113*[#   6]+0.113*[#   7]+0.113*[#   8]
    |psi|^2 = 0.947
==== e(   6) =     9.34749 eV ==== 
     psi = 0.124*[#   1]+0.124*[#   5]+0.043*[#   2]+0.043*[#   3]+0.043*[#   4]
          +0.043*[#   6]+0.043*[#   7]+0.043*[#   8]
    |psi|^2 = 0.504
==== e(   7) =    11.97163 eV ==== 
     psi = 0.144*[#   2]+0.144*[#   3]+0.144*[#   4]+0.144*[#   6]+0.144*[#   7]
          +0.144*[#   8]
    |psi|^2 = 0.864
==== e(   8) =    11.97163 eV ==== 
     psi = 0.144*[#   2]+0.144*[#   3]+0.144*[#   4]+0.144*[#   6]+0.144*[#   7]
          +0.144*[#   8]
    |psi|^2 = 0.864

 k =  -0.0833333333  0.5833333333 -0.0833333333
==== e(   1) =    -4.23731 eV ==== 
     psi = 0.335*[#   1]+0.335*[#   5]+0.054*[#   2]+0.054*[#   3]+0.054*[#   4]
          +0.054*[#   6]+0.054*[#   7]+0.054*[#   8]
    |psi|^2 = 0.995
==== e(   2) =     1.78116 eV ==== 
     psi = 0.225*[#   1]+0.225*[#   5]+0.090*[#   2]+0.090*[#   3]+0.090*[#   4]
          +0.090*[#   6]+0.090*[#   7]+0.090*[#   8]
    |psi|^2 = 0.989
==== e(   3) =     3.85261 eV ==== 
     psi = 0.159*[#   2]+0.159*[#   3]+0.159*[#   4]+0.159*[#   6]+0.159*[#   7]
          +0.159*[#   8]+0.019*[#   1]+0.019*[#   5]
    |psi|^2 = 0.991
==== e(   4) =     4.07155 eV ==== 
     psi = 0.165*[#   2]+0.165*[#   3]+0.165*[#   4]+0.165*[#   6]+0.165*[#   7]
          +0.165*[#   8]
    |psi|^2 = 0.991
==== e(   5) =     7.42581 eV ==== 
     psi = 0.134*[#   1]+0.134*[#   5]+0.110*[#   2]+0.110*[#   3]+0.110*[#   4]
          +0.110*[#   6]+0.110*[#   7]+0.110*[#   8]
    |psi|^2 = 0.927
==== e(   6) =     8.99322 eV ==== 
     psi = 0.123*[#   1]+0.123*[#   5]+0.048*[#   2]+0.048*[#   3]+0.048*[#   4]
          +0.048*[#   6]+0.048*[#   7]+0.048*[#   8]
    |psi|^2 = 0.535
==== e(   7) =    12.26072 eV ==== 
     psi = 0.123*[#   2]+0.123*[#   3]+0.123*[#   4]+0.123*[#   6]+0.123*[#   7]
          +0.123*[#   8]+0.032*[#   1]+0.032*[#   5]
    |psi|^2 = 0.804
==== e(   8) =    12.45405 eV ==== 
     psi = 0.133*[#   2]+0.133*[#   3]+0.133*[#   4]+0.133*[#   6]+0.133*[#   7]
          +0.133*[#   8]
    |psi|^2 = 0.799

 k =  -0.1666666667  0.6666666667 -0.1666666667
==== e(   1) =    -3.66171 eV ==== 
     psi = 0.324*[#   1]+0.324*[#   5]+0.058*[#   2]+0.058*[#   3]+0.058*[#   4]
          +0.058*[#   6]+0.058*[#   7]+0.058*[#   8]
    |psi|^2 = 0.995
==== e(   2) =     0.75123 eV ==== 
     psi = 0.226*[#   1]+0.226*[#   5]+0.090*[#   2]+0.090*[#   3]+0.090*[#   4]
          +0.090*[#   6]+0.090*[#   7]+0.090*[#   8]
    |psi|^2 = 0.991
==== e(   3) =     3.22015 eV ==== 
     psi = 0.153*[#   2]+0.153*[#   3]+0.153*[#   4]+0.153*[#   6]+0.153*[#   7]
          +0.153*[#   8]+0.036*[#   1]+0.036*[#   5]
    |psi|^2 = 0.992
==== e(   4) =     3.96423 eV ==== 
     psi = 0.165*[#   2]+0.165*[#   3]+0.165*[#   4]+0.165*[#   6]+0.165*[#   7]
          +0.165*[#   8]
    |psi|^2 = 0.992
==== e(   5) =     7.64425 eV ==== 
     psi = 0.128*[#   1]+0.128*[#   5]+0.100*[#   2]+0.100*[#   3]+0.100*[#   4]
          +0.100*[#   6]+0.100*[#   7]+0.100*[#   8]
    |psi|^2 = 0.859
==== e(   6) =     9.46504 eV ==== 
     psi = 0.110*[#   1]+0.110*[#   5]+0.061*[#   2]+0.061*[#   3]+0.061*[#   4]
          +0.061*[#   6]+0.061*[#   7]+0.061*[#   8]
    |psi|^2 = 0.585
==== e(   7) =    12.12740 eV ==== 
     psi = 0.104*[#   2]+0.104*[#   3]+0.104*[#   4]+0.104*[#   6]+0.104*[#   7]
          +0.104*[#   8]+0.071*[#   1]+0.071*[#   5]
    |psi|^2 = 0.767
==== e(   8) =    12.41202 eV ==== 
     psi = 0.119*[#   2]+0.119*[#   3]+0.119*[#   4]+0.119*[#   6]+0.119*[#   7]
          +0.119*[#   8]
    |psi|^2 = 0.713

 k =   0.7500000000 -0.2500000000  0.7500000000
==== e(   1) =    -3.03723 eV ==== 
     psi = 0.328*[#   1]+0.328*[#   5]+0.057*[#   2]+0.057*[#   3]+0.057*[#   4]
          +0.057*[#   6]+0.057*[#   7]+0.057*[#   8]
    |psi|^2 = 0.995
==== e(   2) =    -0.17581 eV ==== 
     psi = 0.215*[#   1]+0.215*[#   5]+0.093*[#   2]+0.093*[#   3]+0.093*[#   4]
          +0.093*[#   6]+0.093*[#   7]+0.093*[#   8]
    |psi|^2 = 0.991
==== e(   3) =     2.67321 eV ==== 
     psi = 0.151*[#   2]+0.151*[#   3]+0.151*[#   4]+0.151*[#   6]+0.151*[#   7]
          +0.151*[#   8]+0.042*[#   1]+0.042*[#   5]
    |psi|^2 = 0.993
==== e(   4) =     4.00291 eV ==== 
     psi = 0.165*[#   2]+0.165*[#   3]+0.165*[#   4]+0.165*[#   6]+0.165*[#   7]
          +0.165*[#   8]
    |psi|^2 = 0.992
==== e(   5) =     7.73247 eV ==== 
     psi = 0.125*[#   1]+0.125*[#   5]+0.096*[#   2]+0.096*[#   3]+0.096*[#   4]
          +0.096*[#   6]+0.096*[#   7]+0.096*[#   8]
    |psi|^2 = 0.827
==== e(   6) =    10.66365 eV ==== 
     psi = 0.078*[#   1]+0.078*[#   5]+0.057*[#   2]+0.057*[#   3]+0.057*[#   4]
          +0.057*[#   6]+0.057*[#   7]+0.057*[#   8]
    |psi|^2 = 0.499
==== e(   7) =    11.95992 eV ==== 
     psi = 0.108*[#   1]+0.108*[#   5]+0.095*[#   2]+0.095*[#   3]+0.095*[#   4]
          +0.095*[#   6]+0.095*[#   7]+0.095*[#   8]
    |psi|^2 = 0.787
==== e(   8) =    12.13455 eV ==== 
     psi = 0.113*[#   2]+0.113*[#   3]+0.113*[#   4]+0.113*[#   6]+0.113*[#   7]
          +0.113*[#   8]
    |psi|^2 = 0.680

 k =   0.6666666667 -0.1666666667  0.6666666667
==== e(   1) =    -2.71306 eV ==== 
     psi = 0.343*[#   1]+0.343*[#   5]+0.052*[#   2]+0.052*[#   3]+0.052*[#   4]
          +0.052*[#   6]+0.052*[#   7]+0.052*[#   8]
    |psi|^2 = 0.996
==== e(   2) =    -0.59087 eV ==== 
     psi = 0.197*[#   1]+0.197*[#   5]+0.099*[#   2]+0.099*[#   3]+0.099*[#   4]
          +0.099*[#   6]+0.099*[#   7]+0.099*[#   8]
    |psi|^2 = 0.991
==== e(   3) =     2.30991 eV ==== 
     psi = 0.152*[#   2]+0.152*[#   3]+0.152*[#   4]+0.152*[#   6]+0.152*[#   7]
          +0.152*[#   8]+0.042*[#   1]+0.042*[#   5]
    |psi|^2 = 0.993
==== e(   4) =     4.18310 eV ==== 
     psi = 0.165*[#   2]+0.165*[#   3]+0.165*[#   4]+0.165*[#   6]+0.165*[#   7]
          +0.165*[#   8]
    |psi|^2 = 0.991
==== e(   5) =     7.91210 eV ==== 
     psi = 0.117*[#   1]+0.117*[#   5]+0.098*[#   2]+0.098*[#   3]+0.098*[#   4]
          +0.098*[#   6]+0.098*[#   7]+0.098*[#   8]
    |psi|^2 = 0.825
==== e(   6) =    11.67313 eV ==== 
     psi = 0.060*[#   1]+0.060*[#   5]+0.049*[#   2]+0.049*[#   3]+0.049*[#   4]
          +0.049*[#   6]+0.049*[#   7]+0.049*[#   8]
    |psi|^2 = 0.413
==== e(   7) =    11.83711 eV ==== 
     psi = 0.116*[#   2]+0.116*[#   3]+0.116*[#   4]+0.116*[#   6]+0.116*[#   7]
          +0.116*[#   8]
    |psi|^2 = 0.697
==== e(   8) =    12.38332 eV ==== 
     psi = 0.114*[#   1]+0.114*[#   5]+0.081*[#   2]+0.081*[#   3]+0.081*[#   4]
          +0.081*[#   6]+0.081*[#   7]+0.081*[#   8]
    |psi|^2 = 0.713

 k =   0.5833333333 -0.0833333333  0.5833333333
==== e(   1) =    -3.08933 eV ==== 
     psi = 0.335*[#   1]+0.335*[#   5]+0.054*[#   2]+0.054*[#   3]+0.054*[#   4]
          +0.054*[#   6]+0.054*[#   7]+0.054*[#   8]
    |psi|^2 = 0.996
==== e(   2) =    -0.09638 eV ==== 
     psi = 0.209*[#   1]+0.209*[#   5]+0.096*[#   2]+0.096*[#   3]+0.096*[#   4]
          +0.096*[#   6]+0.096*[#   7]+0.096*[#   8]
    |psi|^2 = 0.992
==== e(   3) =     2.19026 eV ==== 
     psi = 0.153*[#   2]+0.153*[#   3]+0.153*[#   4]+0.153*[#   6]+0.153*[#   7]
          +0.153*[#   8]+0.037*[#   1]+0.037*[#   5]
    |psi|^2 = 0.992
==== e(   4) =     4.48820 eV ==== 
     psi = 0.165*[#   2]+0.165*[#   3]+0.165*[#   4]+0.165*[#   6]+0.165*[#   7]
          +0.165*[#   8]
    |psi|^2 = 0.990
==== e(   5) =     8.23666 eV ==== 
     psi = 0.107*[#   1]+0.107*[#   5]+0.102*[#   2]+0.102*[#   3]+0.102*[#   4]
          +0.102*[#   6]+0.102*[#   7]+0.102*[#   8]
    |psi|^2 = 0.828
==== e(   6) =    11.53619 eV ==== 
     psi = 0.132*[#   2]+0.132*[#   3]+0.132*[#   4]+0.132*[#   6]+0.132*[#   7]
          +0.132*[#   8]
    |psi|^2 = 0.792
==== e(   7) =    11.65588 eV ==== 
     psi = 0.090*[#   1]+0.090*[#   5]+0.064*[#   2]+0.064*[#   3]+0.064*[#   4]
          +0.064*[#   6]+0.064*[#   7]+0.064*[#   8]
    |psi|^2 = 0.565
==== e(   8) =    13.39889 eV ==== 
     psi = 0.095*[#   1]+0.095*[#   5]+0.053*[#   2]+0.053*[#   3]+0.053*[#   4]
          +0.053*[#   6]+0.053*[#   7]+0.053*[#   8]
    |psi|^2 = 0.510

 k =   0.5000000000  0.0000000000  0.5000000000
==== e(   1) =    -3.71182 eV ==== 
     psi = 0.336*[#   1]+0.336*[#   5]+0.054*[#   2]+0.054*[#   3]+0.054*[#   4]
          +0.054*[#   6]+0.054*[#   7]+0.054*[#   8]
    |psi|^2 = 0.995
==== e(   2) =     0.72720 eV ==== 
     psi = 0.210*[#   1]+0.210*[#   5]+0.095*[#   2]+0.095*[#   3]+0.095*[#   4]
          +0.095*[#   6]+0.095*[#   7]+0.095*[#   8]
    |psi|^2 = 0.992
==== e(   3) =     2.45441 eV ==== 
     psi = 0.153*[#   2]+0.153*[#   3]+0.153*[#   4]+0.153*[#   6]+0.153*[#   7]
          +0.153*[#   8]+0.037*[#   1]+0.037*[#   5]
    |psi|^2 = 0.991
==== e(   4) =     4.88092 eV ==== 
     psi = 0.165*[#   2]+0.165*[#   3]+0.165*[#   4]+0.165*[#   6]+0.165*[#   7]
          +0.165*[#   8]
    |psi|^2 = 0.988
==== e(   5) =     8.66274 eV ==== 
     psi = 0.106*[#   2]+0.106*[#   3]+0.106*[#   4]+0.106*[#   6]+0.106*[#   7]
          +0.106*[#   8]+0.102*[#   1]+0.102*[#   5]
    |psi|^2 = 0.840
==== e(   6) =    11.00235 eV ==== 
     psi = 0.151*[#   2]+0.151*[#   3]+0.151*[#   4]+0.151*[#   6]+0.151*[#   7]
          +0.151*[#   8]
    |psi|^2 = 0.907
==== e(   7) =    11.34963 eV ==== 
     psi = 0.081*[#   2]+0.081*[#   3]+0.081*[#   4]+0.081*[#   6]+0.081*[#   7]
          +0.081*[#   8]+0.077*[#   1]+0.077*[#   5]
    |psi|^2 = 0.641
==== e(   8) =    12.36148 eV ==== 
     psi = 0.151*[#   1]+0.151*[#   5]+0.067*[#   2]+0.067*[#   3]+0.067*[#   4]
          +0.067*[#   6]+0.067*[#   7]+0.067*[#   8]
    |psi|^2 = 0.702

 k =   0.0000000000  0.6666666667  0.0000000000
==== e(   1) =    -3.85149 eV ==== 
     psi = 0.320*[#   1]+0.320*[#   5]+0.059*[#   2]+0.059*[#   3]+0.059*[#   4]
          +0.059*[#   6]+0.059*[#   7]+0.059*[#   8]
    |psi|^2 = 0.995
==== e(   2) =     1.19725 eV ==== 
     psi = 0.245*[#   1]+0.245*[#   5]+0.083*[#   2]+0.083*[#   3]+0.083*[#   4]
          +0.083*[#   6]+0.083*[#   7]+0.083*[#   8]
    |psi|^2 = 0.990
==== e(   3) =     3.79008 eV ==== 
     psi = 0.165*[#   2]+0.165*[#   3]+0.165*[#   4]+0.165*[#   6]+0.165*[#   7]
          +0.165*[#   8]
    |psi|^2 = 0.993
==== e(   4) =     3.79008 eV ==== 
     psi = 0.165*[#   2]+0.165*[#   3]+0.165*[#   4]+0.165*[#   6]+0.165*[#   7]
          +0.165*[#   8]
    |psi|^2 = 0.993
==== e(   5) =     6.93868 eV ==== 
     psi = 0.162*[#   1]+0.162*[#   5]+0.101*[#   2]+0.101*[#   3]+0.101*[#   4]
          +0.101*[#   6]+0.101*[#   7]+0.101*[#   8]
    |psi|^2 = 0.929
==== e(   6) =     8.20526 eV ==== 
     psi = 0.134*[#   1]+0.134*[#   5]+0.055*[#   2]+0.055*[#   3]+0.055*[#   4]
          +0.055*[#   6]+0.055*[#   7]+0.055*[#   8]
    |psi|^2 = 0.596
==== e(   7) =    13.47901 eV ==== 
     psi = 0.132*[#   2]+0.132*[#   3]+0.132*[#   4]+0.132*[#   6]+0.132*[#   7]
          +0.132*[#   8]
    |psi|^2 = 0.791
==== e(   8) =    13.47901 eV ==== 
     psi = 0.132*[#   2]+0.132*[#   3]+0.132*[#   4]+0.132*[#   6]+0.132*[#   7]
          +0.132*[#   8]
    |psi|^2 = 0.791

 k =  -0.0833333333  0.7500000000 -0.0833333333
==== e(   1) =    -3.31651 eV ==== 
     psi = 0.309*[#   1]+0.309*[#   5]+0.063*[#   2]+0.063*[#   3]+0.063*[#   4]
          +0.063*[#   6]+0.063*[#   7]+0.063*[#   8]
    |psi|^2 = 0.994
==== e(   2) =     0.41077 eV ==== 
     psi = 0.256*[#   1]+0.256*[#   5]+0.080*[#   2]+0.080*[#   3]+0.080*[#   4]
          +0.080*[#   6]+0.080*[#   7]+0.080*[#   8]
    |psi|^2 = 0.991
==== e(   3) =     3.30381 eV ==== 
     psi = 0.162*[#   2]+0.162*[#   3]+0.162*[#   4]+0.162*[#   6]+0.162*[#   7]
          +0.162*[#   8]+0.009*[#   1]+0.009*[#   5]
    |psi|^2 = 0.993
==== e(   4) =     3.64727 eV ==== 
     psi = 0.166*[#   2]+0.166*[#   3]+0.166*[#   4]+0.166*[#   6]+0.166*[#   7]
          +0.166*[#   8]
    |psi|^2 = 0.993
==== e(   5) =     7.10121 eV ==== 
     psi = 0.155*[#   1]+0.155*[#   5]+0.098*[#   2]+0.098*[#   3]+0.098*[#   4]
          +0.098*[#   6]+0.098*[#   7]+0.098*[#   8]
    |psi|^2 = 0.895
==== e(   6) =     8.07498 eV ==== 
     psi = 0.138*[#   1]+0.138*[#   5]+0.064*[#   2]+0.064*[#   3]+0.064*[#   4]
          +0.064*[#   6]+0.064*[#   7]+0.064*[#   8]
    |psi|^2 = 0.661
==== e(   7) =    13.80437 eV ==== 
     psi = 0.112*[#   2]+0.112*[#   3]+0.112*[#   4]+0.112*[#   6]+0.112*[#   7]
          +0.112*[#   8]+0.026*[#   1]+0.026*[#   5]
    |psi|^2 = 0.722
==== e(   8) =    13.84913 eV ==== 
     psi = 0.117*[#   2]+0.117*[#   3]+0.117*[#   4]+0.117*[#   6]+0.117*[#   7]
          +0.117*[#   8]
    |psi|^2 = 0.700

 k =   0.8333333333 -0.1666666667  0.8333333333
==== e(   1) =    -2.68705 eV ==== 
     psi = 0.307*[#   1]+0.307*[#   5]+0.063*[#   2]+0.063*[#   3]+0.063*[#   4]
          +0.063*[#   6]+0.063*[#   7]+0.063*[#   8]
    |psi|^2 = 0.994
==== e(   2) =    -0.35828 eV ==== 
     psi = 0.264*[#   1]+0.264*[#   5]+0.078*[#   2]+0.078*[#   3]+0.078*[#   4]
          +0.078*[#   6]+0.078*[#   7]+0.078*[#   8]
    |psi|^2 = 0.993
==== e(   3) =     2.57509 eV ==== 
     psi = 0.161*[#   2]+0.161*[#   3]+0.161*[#   4]+0.161*[#   6]+0.161*[#   7]
          +0.161*[#   8]+0.012*[#   1]+0.012*[#   5]
    |psi|^2 = 0.993
==== e(   4) =     3.65345 eV ==== 
     psi = 0.166*[#   2]+0.166*[#   3]+0.166*[#   4]+0.166*[#   6]+0.166*[#   7]
          +0.166*[#   8]
    |psi|^2 = 0.994
==== e(   5) =     7.27540 eV ==== 
     psi = 0.146*[#   1]+0.146*[#   5]+0.091*[#   2]+0.091*[#   3]+0.091*[#   4]
          +0.091*[#   6]+0.091*[#   7]+0.091*[#   8]
    |psi|^2 = 0.837
==== e(   6) =     8.93097 eV ==== 
     psi = 0.120*[#   1]+0.120*[#   5]+0.074*[#   2]+0.074*[#   3]+0.074*[#   4]
          +0.074*[#   6]+0.074*[#   7]+0.074*[#   8]
    |psi|^2 = 0.682
==== e(   7) =    13.66694 eV ==== 
     psi = 0.107*[#   2]+0.107*[#   3]+0.107*[#   4]+0.107*[#   6]+0.107*[#   7]
          +0.107*[#   8]
    |psi|^2 = 0.641
==== e(   8) =    13.69709 eV ==== 
     psi = 0.090*[#   2]+0.090*[#   3]+0.090*[#   4]+0.090*[#   6]+0.090*[#   7]
          +0.090*[#   8]+0.059*[#   1]+0.059*[#   5]
    |psi|^2 = 0.656

 k =   0.7500000000 -0.0833333333  0.7500000000
==== e(   1) =    -2.21763 eV ==== 
     psi = 0.323*[#   1]+0.323*[#   5]+0.058*[#   2]+0.058*[#   3]+0.058*[#   4]
          +0.058*[#   6]+0.058*[#   7]+0.058*[#   8]
    |psi|^2 = 0.995
==== e(   2) =    -0.84991 eV ==== 
     psi = 0.253*[#   1]+0.253*[#   5]+0.081*[#   2]+0.081*[#   3]+0.081*[#   4]
          +0.081*[#   6]+0.081*[#   7]+0.081*[#   8]
    |psi|^2 = 0.993
==== e(   3) =     1.99582 eV ==== 
     psi = 0.163*[#   2]+0.163*[#   3]+0.163*[#   4]+0.163*[#   6]+0.163*[#   7]
          +0.163*[#   8]+0.006*[#   1]+0.006*[#   5]
    |psi|^2 = 0.993
==== e(   4) =     3.80732 eV ==== 
     psi = 0.166*[#   2]+0.166*[#   3]+0.166*[#   4]+0.166*[#   6]+0.166*[#   7]
          +0.166*[#   8]
    |psi|^2 = 0.993
==== e(   5) =     7.45244 eV ==== 
     psi = 0.133*[#   1]+0.133*[#   5]+0.094*[#   2]+0.094*[#   3]+0.094*[#   4]
          +0.094*[#   6]+0.094*[#   7]+0.094*[#   8]
    |psi|^2 = 0.829
==== e(   6) =    10.37885 eV ==== 
     psi = 0.090*[#   1]+0.090*[#   5]+0.062*[#   2]+0.062*[#   3]+0.062*[#   4]
          +0.062*[#   6]+0.062*[#   7]+0.062*[#   8]
    |psi|^2 = 0.552
==== e(   7) =    13.31476 eV ==== 
     psi = 0.116*[#   2]+0.116*[#   3]+0.116*[#   4]+0.116*[#   6]+0.116*[#   7]
          +0.116*[#   8]
    |psi|^2 = 0.695
==== e(   8) =    13.52994 eV ==== 
     psi = 0.083*[#   1]+0.083*[#   5]+0.075*[#   2]+0.075*[#   3]+0.075*[#   4]
          +0.075*[#   6]+0.075*[#   7]+0.075*[#   8]
    |psi|^2 = 0.615

 k =   0.6666666667 -0.0000000000  0.6666666667
==== e(   1) =    -2.49070 eV ==== 
     psi = 0.331*[#   1]+0.331*[#   5]+0.056*[#   2]+0.056*[#   3]+0.056*[#   4]
          +0.056*[#   6]+0.056*[#   7]+0.056*[#   8]
    |psi|^2 = 0.996
==== e(   2) =    -0.56357 eV ==== 
     psi = 0.243*[#   1]+0.243*[#   5]+0.085*[#   2]+0.085*[#   3]+0.085*[#   4]
          +0.085*[#   6]+0.085*[#   7]+0.085*[#   8]
    |psi|^2 = 0.994
==== e(   3) =     1.79378 eV ==== 
     psi = 0.163*[#   2]+0.163*[#   3]+0.163*[#   4]+0.163*[#   6]+0.163*[#   7]
          +0.163*[#   8]+0.008*[#   1]+0.008*[#   5]
    |psi|^2 = 0.992
==== e(   4) =     4.09615 eV ==== 
     psi = 0.165*[#   2]+0.165*[#   3]+0.165*[#   4]+0.165*[#   6]+0.165*[#   7]
          +0.165*[#   8]
    |psi|^2 = 0.992
==== e(   5) =     7.77973 eV ==== 
     psi = 0.117*[#   1]+0.117*[#   5]+0.099*[#   2]+0.099*[#   3]+0.099*[#   4]
          +0.099*[#   6]+0.099*[#   7]+0.099*[#   8]
    |psi|^2 = 0.827
==== e(   6) =    12.01853 eV ==== 
     psi = 0.030*[#   1]+0.030*[#   5]+0.023*[#   2]+0.023*[#   3]+0.023*[#   4]
          +0.023*[#   6]+0.023*[#   7]+0.023*[#   8]
    |psi|^2 = 0.198
==== e(   7) =    12.69097 eV ==== 
     psi = 0.142*[#   2]+0.142*[#   3]+0.142*[#   4]+0.142*[#   6]+0.142*[#   7]
          +0.142*[#   8]
    |psi|^2 = 0.851
==== e(   8) =    13.29348 eV ==== 
     psi = 0.107*[#   1]+0.107*[#   5]+0.080*[#   2]+0.080*[#   3]+0.080*[#   4]
          +0.080*[#   6]+0.080*[#   7]+0.080*[#   8]
    |psi|^2 = 0.695

 k =   0.0000000000  0.8333333333  0.0000000000
==== e(   1) =    -2.82158 eV ==== 
     psi = 0.298*[#   1]+0.298*[#   5]+0.066*[#   2]+0.066*[#   3]+0.066*[#   4]
          +0.066*[#   6]+0.066*[#   7]+0.066*[#   8]
    |psi|^2 = 0.994
==== e(   2) =    -0.25478 eV ==== 
     psi = 0.265*[#   1]+0.265*[#   5]+0.077*[#   2]+0.077*[#   3]+0.077*[#   4]
          +0.077*[#   6]+0.077*[#   7]+0.077*[#   8]
    |psi|^2 = 0.992
==== e(   3) =     3.46471 eV ==== 
     psi = 0.166*[#   2]+0.166*[#   3]+0.166*[#   4]+0.166*[#   6]+0.166*[#   7]
          +0.166*[#   8]
    |psi|^2 = 0.994
==== e(   4) =     3.46471 eV ==== 
     psi = 0.166*[#   2]+0.166*[#   3]+0.166*[#   4]+0.166*[#   6]+0.166*[#   7]
          +0.166*[#   8]
    |psi|^2 = 0.994
==== e(   5) =     6.78352 eV ==== 
     psi = 0.172*[#   1]+0.172*[#   5]+0.092*[#   2]+0.092*[#   3]+0.092*[#   4]
          +0.092*[#   6]+0.092*[#   7]+0.092*[#   8]
    |psi|^2 = 0.895
==== e(   6) =     7.38853 eV ==== 
     psi = 0.155*[#   1]+0.155*[#   5]+0.070*[#   2]+0.070*[#   3]+0.070*[#   4]
          +0.070*[#   6]+0.070*[#   7]+0.070*[#   8]
    |psi|^2 = 0.728
==== e(   7) =    15.04191 eV ==== 
     psi = 0.120*[#   2]+0.120*[#   3]+0.120*[#   4]+0.120*[#   6]+0.120*[#   7]
          +0.120*[#   8]
    |psi|^2 = 0.721
==== e(   8) =    15.04191 eV ==== 
     psi = 0.120*[#   2]+0.120*[#   3]+0.120*[#   4]+0.120*[#   6]+0.120*[#   7]
          +0.120*[#   8]
    |psi|^2 = 0.721

 k =   0.9166666667 -0.0833333333  0.9166666667
==== e(   1) =    -2.20763 eV ==== 
     psi = 0.292*[#   1]+0.292*[#   5]+0.068*[#   2]+0.068*[#   3]+0.068*[#   4]
          +0.068*[#   6]+0.068*[#   7]+0.068*[#   8]
    |psi|^2 = 0.994
==== e(   2) =    -0.94315 eV ==== 
     psi = 0.275*[#   1]+0.275*[#   5]+0.074*[#   2]+0.074*[#   3]+0.074*[#   4]
          +0.074*[#   6]+0.074*[#   7]+0.074*[#   8]
    |psi|^2 = 0.993
==== e(   3) =     3.03261 eV ==== 
     psi = 0.163*[#   2]+0.163*[#   3]+0.163*[#   4]+0.163*[#   6]+0.163*[#   7]
          +0.163*[#   8]+0.006*[#   1]+0.006*[#   5]
    |psi|^2 = 0.993
==== e(   4) =     3.43101 eV ==== 
     psi = 0.166*[#   2]+0.166*[#   3]+0.166*[#   4]+0.166*[#   6]+0.166*[#   7]
          +0.166*[#   8]
    |psi|^2 = 0.994
==== e(   5) =     6.98495 eV ==== 
     psi = 0.164*[#   1]+0.164*[#   5]+0.086*[#   2]+0.086*[#   3]+0.086*[#   4]
          +0.086*[#   6]+0.086*[#   7]+0.086*[#   8]
    |psi|^2 = 0.846
==== e(   6) =     7.55461 eV ==== 
     psi = 0.151*[#   1]+0.151*[#   5]+0.080*[#   2]+0.080*[#   3]+0.080*[#   4]
          +0.080*[#   6]+0.080*[#   7]+0.080*[#   8]
    |psi|^2 = 0.783
==== e(   7) =    15.28756 eV ==== 
     psi = 0.113*[#   2]+0.113*[#   3]+0.113*[#   4]+0.113*[#   6]+0.113*[#   7]
          +0.113*[#   8]
    |psi|^2 = 0.676
==== e(   8) =    15.38839 eV ==== 
     psi = 0.104*[#   2]+0.104*[#   3]+0.104*[#   4]+0.104*[#   6]+0.104*[#   7]
          +0.104*[#   8]+0.020*[#   1]+0.020*[#   5]
    |psi|^2 = 0.661

 k =   0.8333333333  0.0000000000  0.8333333333
==== e(   1) =    -1.75131 eV ==== 
     psi = 0.307*[#   1]+0.307*[#   5]+0.064*[#   2]+0.064*[#   3]+0.064*[#   4]
          +0.064*[#   6]+0.064*[#   7]+0.064*[#   8]
    |psi|^2 = 0.994
==== e(   2) =    -1.34757 eV ==== 
     psi = 0.270*[#   1]+0.270*[#   5]+0.076*[#   2]+0.076*[#   3]+0.076*[#   4]
          +0.076*[#   6]+0.076*[#   7]+0.076*[#   8]
    |psi|^2 = 0.993
==== e(   3) =     2.36123 eV ==== 
     psi = 0.164*[#   2]+0.164*[#   3]+0.164*[#   4]+0.164*[#   6]+0.164*[#   7]
          +0.164*[#   8]+0.004*[#   1]+0.004*[#   5]
    |psi|^2 = 0.993
==== e(   4) =     3.54819 eV ==== 
     psi = 0.166*[#   2]+0.166*[#   3]+0.166*[#   4]+0.166*[#   6]+0.166*[#   7]
          +0.166*[#   8]
    |psi|^2 = 0.994
==== e(   5) =     7.14496 eV ==== 
     psi = 0.152*[#   1]+0.152*[#   5]+0.088*[#   2]+0.088*[#   3]+0.088*[#   4]
          +0.088*[#   6]+0.088*[#   7]+0.088*[#   8]
    |psi|^2 = 0.832
==== e(   6) =     8.75673 eV ==== 
     psi = 0.125*[#   1]+0.125*[#   5]+0.079*[#   2]+0.079*[#   3]+0.079*[#   4]
          +0.079*[#   6]+0.079*[#   7]+0.079*[#   8]
    |psi|^2 = 0.721
==== e(   7) =    14.73905 eV ==== 
     psi = 0.134*[#   2]+0.134*[#   3]+0.134*[#   4]+0.134*[#   6]+0.134*[#   7]
          +0.134*[#   8]
    |psi|^2 = 0.801
==== e(   8) =    15.27124 eV ==== 
     psi = 0.120*[#   2]+0.120*[#   3]+0.120*[#   4]+0.120*[#   6]+0.120*[#   7]
          +0.120*[#   8]+0.053*[#   1]+0.053*[#   5]
    |psi|^2 = 0.825

 k =   0.0000000000 -1.0000000000  0.0000000000
==== e(   1) =    -1.61033 eV ==== 
     psi = 0.282*[#   1]+0.282*[#   5]+0.072*[#   2]+0.072*[#   3]+0.072*[#   4]
          +0.072*[#   6]+0.072*[#   7]+0.072*[#   8]
    |psi|^2 = 0.993
==== e(   2) =    -1.61033 eV ==== 
     psi = 0.282*[#   1]+0.282*[#   5]+0.072*[#   2]+0.072*[#   3]+0.072*[#   4]
          +0.072*[#   6]+0.072*[#   7]+0.072*[#   8]
    |psi|^2 = 0.993
==== e(   3) =     3.35508 eV ==== 
     psi = 0.166*[#   2]+0.166*[#   3]+0.166*[#   4]+0.166*[#   6]+0.166*[#   7]
          +0.166*[#   8]
    |psi|^2 = 0.994
==== e(   4) =     3.35508 eV ==== 
     psi = 0.166*[#   2]+0.166*[#   3]+0.166*[#   4]+0.166*[#   6]+0.166*[#   7]
          +0.166*[#   8]
    |psi|^2 = 0.994
==== e(   5) =     6.92197 eV ==== 
     psi = 0.169*[#   1]+0.169*[#   5]+0.082*[#   2]+0.082*[#   3]+0.082*[#   4]
          +0.082*[#   6]+0.082*[#   7]+0.082*[#   8]
    |psi|^2 = 0.832
==== e(   6) =     6.92197 eV ==== 
     psi = 0.169*[#   1]+0.169*[#   5]+0.082*[#   2]+0.082*[#   3]+0.082*[#   4]
          +0.082*[#   6]+0.082*[#   7]+0.082*[#   8]
    |psi|^2 = 0.832
==== e(   7) =    16.31997 eV ==== 
     psi = 0.154*[#   2]+0.154*[#   3]+0.154*[#   4]+0.154*[#   6]+0.154*[#   7]
          +0.154*[#   8]
    |psi|^2 = 0.924
==== e(   8) =    16.31997 eV ==== 
     psi = 0.154*[#   2]+0.154*[#   3]+0.154*[#   4]+0.154*[#   6]+0.154*[#   7]
          +0.154*[#   8]
    |psi|^2 = 0.924

 k =  -0.1666666667  0.3333333333  0.0000000000
==== e(   1) =    -5.15502 eV ==== 
     psi = 0.395*[#   1]+0.395*[#   5]+0.034*[#   2]+0.034*[#   3]+0.034*[#   4]
          +0.034*[#   6]+0.034*[#   7]+0.034*[#   8]
    |psi|^2 = 0.996
==== e(   2) =     3.48210 eV ==== 
     psi = 0.148*[#   1]+0.148*[#   5]+0.114*[#   2]+0.114*[#   3]+0.114*[#   4]
          +0.114*[#   6]+0.114*[#   7]+0.114*[#   8]
    |psi|^2 = 0.983
==== e(   3) =     4.57458 eV ==== 
     psi = 0.157*[#   2]+0.157*[#   3]+0.157*[#   4]+0.157*[#   6]+0.157*[#   7]
          +0.157*[#   8]+0.022*[#   1]+0.022*[#   5]
    |psi|^2 = 0.984
==== e(   4) =     5.50352 eV ==== 
     psi = 0.159*[#   2]+0.159*[#   3]+0.159*[#   4]+0.159*[#   6]+0.159*[#   7]
          +0.159*[#   8]+0.013*[#   1]+0.013*[#   5]
    |psi|^2 = 0.979
==== e(   5) =     8.54988 eV ==== 
     psi = 0.138*[#   2]+0.138*[#   3]+0.138*[#   4]+0.138*[#   6]+0.138*[#   7]
          +0.138*[#   8]+0.060*[#   1]+0.060*[#   5]
    |psi|^2 = 0.945
==== e(   6) =     9.76058 eV ==== 
     psi = 0.134*[#   1]+0.134*[#   5]+0.112*[#   2]+0.112*[#   3]+0.112*[#   4]
          +0.112*[#   6]+0.112*[#   7]+0.112*[#   8]
    |psi|^2 = 0.941
==== e(   7) =    10.36976 eV ==== 
     psi = 0.147*[#   2]+0.147*[#   3]+0.147*[#   4]+0.147*[#   6]+0.147*[#   7]
          +0.147*[#   8]+0.014*[#   1]+0.014*[#   5]
    |psi|^2 = 0.908
==== e(   8) =    11.12520 eV ==== 
     psi = 0.086*[#   1]+0.086*[#   5]+0.057*[#   2]+0.057*[#   3]+0.057*[#   4]
          +0.057*[#   6]+0.057*[#   7]+0.057*[#   8]
    |psi|^2 = 0.513

 k =  -0.2500000000  0.4166666667 -0.0833333333
==== e(   1) =    -4.71845 eV ==== 
     psi = 0.364*[#   1]+0.364*[#   5]+0.045*[#   2]+0.045*[#   3]+0.045*[#   4]
          +0.045*[#   6]+0.045*[#   7]+0.045*[#   8]
    |psi|^2 = 0.995
==== e(   2) =     2.23971 eV ==== 
     psi = 0.166*[#   1]+0.166*[#   5]+0.109*[#   2]+0.109*[#   3]+0.109*[#   4]
          +0.109*[#   6]+0.109*[#   7]+0.109*[#   8]
    |psi|^2 = 0.987
==== e(   3) =     4.04206 eV ==== 
     psi = 0.151*[#   2]+0.151*[#   3]+0.151*[#   4]+0.151*[#   6]+0.151*[#   7]
          +0.151*[#   8]+0.042*[#   1]+0.042*[#   5]
    |psi|^2 = 0.987
==== e(   4) =     5.22787 eV ==== 
     psi = 0.160*[#   2]+0.160*[#   3]+0.160*[#   4]+0.160*[#   6]+0.160*[#   7]
          +0.160*[#   8]+0.012*[#   1]+0.012*[#   5]
    |psi|^2 = 0.984
==== e(   5) =     8.83169 eV ==== 
     psi = 0.123*[#   2]+0.123*[#   3]+0.123*[#   4]+0.123*[#   6]+0.123*[#   7]
          +0.123*[#   8]+0.087*[#   1]+0.087*[#   5]
    |psi|^2 = 0.912
==== e(   6) =     9.72813 eV ==== 
     psi = 0.116*[#   2]+0.116*[#   3]+0.116*[#   4]+0.116*[#   6]+0.116*[#   7]
          +0.116*[#   8]+0.114*[#   1]+0.114*[#   5]
    |psi|^2 = 0.922
==== e(   7) =    10.77723 eV ==== 
     psi = 0.134*[#   2]+0.134*[#   3]+0.134*[#   4]+0.134*[#   6]+0.134*[#   7]
          +0.134*[#   8]+0.018*[#   1]+0.018*[#   5]
    |psi|^2 = 0.843
==== e(   8) =    11.11161 eV ==== 
     psi = 0.063*[#   1]+0.063*[#   5]+0.045*[#   2]+0.045*[#   3]+0.045*[#   4]
          +0.045*[#   6]+0.045*[#   7]+0.045*[#   8]
    |psi|^2 = 0.395

 k =  -0.3333333333  0.5000000000 -0.1666666667
==== e(   1) =    -4.14291 eV ==== 
     psi = 0.347*[#   1]+0.347*[#   5]+0.050*[#   2]+0.050*[#   3]+0.050*[#   4]
          +0.050*[#   6]+0.050*[#   7]+0.050*[#   8]
    |psi|^2 = 0.995
==== e(   2) =     0.93672 eV ==== 
     psi = 0.170*[#   1]+0.170*[#   5]+0.108*[#   2]+0.108*[#   3]+0.108*[#   4]
          +0.108*[#   6]+0.108*[#   7]+0.108*[#   8]
    |psi|^2 = 0.989
==== e(   3) =     3.77270 eV ==== 
     psi = 0.146*[#   2]+0.146*[#   3]+0.146*[#   4]+0.146*[#   6]+0.146*[#   7]
          +0.146*[#   8]+0.055*[#   1]+0.055*[#   5]
    |psi|^2 = 0.989
==== e(   4) =     4.89992 eV ==== 
     psi = 0.162*[#   2]+0.162*[#   3]+0.162*[#   4]+0.162*[#   6]+0.162*[#   7]
          +0.162*[#   8]+0.008*[#   1]+0.008*[#   5]
    |psi|^2 = 0.986
==== e(   5) =     8.87373 eV ==== 
     psi = 0.150*[#   1]+0.150*[#   5]+0.096*[#   2]+0.096*[#   3]+0.096*[#   4]
          +0.096*[#   6]+0.096*[#   7]+0.096*[#   8]
    |psi|^2 = 0.875
==== e(   6) =     9.60462 eV ==== 
     psi = 0.120*[#   2]+0.120*[#   3]+0.120*[#   4]+0.120*[#   6]+0.120*[#   7]
          +0.120*[#   8]+0.052*[#   1]+0.052*[#   5]
    |psi|^2 = 0.821
==== e(   7) =    10.83504 eV ==== 
     psi = 0.125*[#   2]+0.125*[#   3]+0.125*[#   4]+0.125*[#   6]+0.125*[#   7]
          +0.125*[#   8]+0.025*[#   1]+0.025*[#   5]
    |psi|^2 = 0.800
==== e(   8) =    11.76184 eV ==== 
     psi = 0.066*[#   1]+0.066*[#   5]+0.045*[#   2]+0.045*[#   3]+0.045*[#   4]
          +0.045*[#   6]+0.045*[#   7]+0.045*[#   8]
    |psi|^2 = 0.402

 k =   0.5833333333 -0.4166666667  0.7500000000
==== e(   1) =    -3.52075 eV ==== 
     psi = 0.352*[#   1]+0.352*[#   5]+0.049*[#   2]+0.049*[#   3]+0.049*[#   4]
          +0.049*[#   6]+0.049*[#   7]+0.049*[#   8]
    |psi|^2 = 0.996
==== e(   2) =    -0.15418 eV ==== 
     psi = 0.159*[#   1]+0.159*[#   5]+0.112*[#   2]+0.112*[#   3]+0.112*[#   4]
          +0.112*[#   6]+0.112*[#   7]+0.112*[#   8]
    |psi|^2 = 0.989
==== e(   3) =     3.64554 eV ==== 
     psi = 0.144*[#   2]+0.144*[#   3]+0.144*[#   4]+0.144*[#   6]+0.144*[#   7]
          +0.144*[#   8]+0.064*[#   1]+0.064*[#   5]
    |psi|^2 = 0.990
==== e(   4) =     4.65291 eV ==== 
     psi = 0.164*[#   2]+0.164*[#   3]+0.164*[#   4]+0.164*[#   6]+0.164*[#   7]
          +0.164*[#   8]+0.003*[#   1]+0.003*[#   5]
    |psi|^2 = 0.988
==== e(   5) =     8.81829 eV ==== 
     psi = 0.194*[#   1]+0.194*[#   5]+0.081*[#   2]+0.081*[#   3]+0.081*[#   4]
          +0.081*[#   6]+0.081*[#   7]+0.081*[#   8]
    |psi|^2 = 0.871
==== e(   6) =     9.41483 eV ==== 
     psi = 0.119*[#   2]+0.119*[#   3]+0.119*[#   4]+0.119*[#   6]+0.119*[#   7]
          +0.119*[#   8]+0.021*[#   1]+0.021*[#   5]
    |psi|^2 = 0.755
==== e(   7) =    10.75354 eV ==== 
     psi = 0.115*[#   2]+0.115*[#   3]+0.115*[#   4]+0.115*[#   6]+0.115*[#   7]
          +0.115*[#   8]+0.029*[#   1]+0.029*[#   5]
    |psi|^2 = 0.750
==== e(   8) =    12.97825 eV ==== 
     psi = 0.056*[#   1]+0.056*[#   5]+0.047*[#   2]+0.047*[#   3]+0.047*[#   4]
          +0.047*[#   6]+0.047*[#   7]+0.047*[#   8]
    |psi|^2 = 0.398

 k =   0.5000000000 -0.3333333333  0.6666666667
==== e(   1) =    -3.18202 eV ==== 
     psi = 0.368*[#   1]+0.368*[#   5]+0.043*[#   2]+0.043*[#   3]+0.043*[#   4]
          +0.043*[#   6]+0.043*[#   7]+0.043*[#   8]
    |psi|^2 = 0.997
==== e(   2) =    -0.65300 eV ==== 
     psi = 0.140*[#   1]+0.140*[#   5]+0.118*[#   2]+0.118*[#   3]+0.118*[#   4]
          +0.118*[#   6]+0.118*[#   7]+0.118*[#   8]
    |psi|^2 = 0.988
==== e(   3) =     3.61009 eV ==== 
     psi = 0.142*[#   2]+0.142*[#   3]+0.142*[#   4]+0.142*[#   6]+0.142*[#   7]
          +0.142*[#   8]+0.068*[#   1]+0.068*[#   5]
    |psi|^2 = 0.990
==== e(   4) =     4.56101 eV ==== 
     psi = 0.165*[#   2]+0.165*[#   3]+0.165*[#   4]+0.165*[#   6]+0.165*[#   7]
          +0.165*[#   8]
    |psi|^2 = 0.988
==== e(   5) =     8.79708 eV ==== 
     psi = 0.212*[#   1]+0.212*[#   5]+0.075*[#   2]+0.075*[#   3]+0.075*[#   4]
          +0.075*[#   6]+0.075*[#   7]+0.075*[#   8]
    |psi|^2 = 0.875
==== e(   6) =     9.32952 eV ==== 
     psi = 0.120*[#   2]+0.120*[#   3]+0.120*[#   4]+0.120*[#   6]+0.120*[#   7]
          +0.120*[#   8]+0.007*[#   1]+0.007*[#   5]
    |psi|^2 = 0.736
==== e(   7) =    10.70820 eV ==== 
     psi = 0.112*[#   2]+0.112*[#   3]+0.112*[#   4]+0.112*[#   6]+0.112*[#   7]
          +0.112*[#   8]+0.031*[#   1]+0.031*[#   5]
    |psi|^2 = 0.736
==== e(   8) =    14.29028 eV ==== 
     psi = 0.060*[#   1]+0.060*[#   5]+0.059*[#   2]+0.059*[#   3]+0.059*[#   4]
          +0.059*[#   6]+0.059*[#   7]+0.059*[#   8]
    |psi|^2 = 0.474

 k =  -0.1666666667  0.5000000000  0.0000000000
==== e(   1) =    -4.56355 eV ==== 
     psi = 0.351*[#   1]+0.351*[#   5]+0.049*[#   2]+0.049*[#   3]+0.049*[#   4]
          +0.049*[#   6]+0.049*[#   7]+0.049*[#   8]
    |psi|^2 = 0.995
==== e(   2) =     2.28850 eV ==== 
     psi = 0.200*[#   1]+0.200*[#   5]+0.098*[#   2]+0.098*[#   3]+0.098*[#   4]
          +0.098*[#   6]+0.098*[#   7]+0.098*[#   8]
    |psi|^2 = 0.987
==== e(   3) =     3.87834 eV ==== 
     psi = 0.157*[#   2]+0.157*[#   3]+0.157*[#   4]+0.157*[#   6]+0.157*[#   7]
          +0.157*[#   8]+0.024*[#   1]+0.024*[#   5]
    |psi|^2 = 0.989
==== e(   4) =     4.58185 eV ==== 
     psi = 0.161*[#   2]+0.161*[#   3]+0.161*[#   4]+0.161*[#   6]+0.161*[#   7]
          +0.161*[#   8]+0.011*[#   1]+0.011*[#   5]
    |psi|^2 = 0.988
==== e(   5) =     8.00241 eV ==== 
     psi = 0.121*[#   2]+0.121*[#   3]+0.121*[#   4]+0.121*[#   6]+0.121*[#   7]
          +0.121*[#   8]+0.103*[#   1]+0.103*[#   5]
    |psi|^2 = 0.934
==== e(   6) =     9.74314 eV ==== 
     psi = 0.132*[#   1]+0.132*[#   5]+0.042*[#   2]+0.042*[#   3]+0.042*[#   4]
          +0.042*[#   6]+0.042*[#   7]+0.042*[#   8]
    |psi|^2 = 0.516
==== e(   7) =    11.03311 eV ==== 
     psi = 0.122*[#   2]+0.122*[#   3]+0.122*[#   4]+0.122*[#   6]+0.122*[#   7]
          +0.122*[#   8]+0.031*[#   1]+0.031*[#   5]
    |psi|^2 = 0.794
==== e(   8) =    11.85164 eV ==== 
     psi = 0.139*[#   2]+0.139*[#   3]+0.139*[#   4]+0.139*[#   6]+0.139*[#   7]
          +0.139*[#   8]+0.008*[#   1]+0.008*[#   5]
    |psi|^2 = 0.851

 k =  -0.2500000000  0.5833333333 -0.0833333333
==== e(   1) =    -4.03070 eV ==== 
     psi = 0.335*[#   1]+0.335*[#   5]+0.054*[#   2]+0.054*[#   3]+0.054*[#   4]
          +0.054*[#   6]+0.054*[#   7]+0.054*[#   8]
    |psi|^2 = 0.995
==== e(   2) =     1.23707 eV ==== 
     psi = 0.208*[#   1]+0.208*[#   5]+0.096*[#   2]+0.096*[#   3]+0.096*[#   4]
          +0.096*[#   6]+0.096*[#   7]+0.096*[#   8]
    |psi|^2 = 0.990
==== e(   3) =     3.34085 eV ==== 
     psi = 0.151*[#   2]+0.151*[#   3]+0.151*[#   4]+0.151*[#   6]+0.151*[#   7]
          +0.151*[#   8]+0.042*[#   1]+0.042*[#   5]
    |psi|^2 = 0.991
==== e(   4) =     4.29282 eV ==== 
     psi = 0.162*[#   2]+0.162*[#   3]+0.162*[#   4]+0.162*[#   6]+0.162*[#   7]
          +0.162*[#   8]+0.007*[#   1]+0.007*[#   5]
    |psi|^2 = 0.989
==== e(   5) =     8.33585 eV ==== 
     psi = 0.112*[#   2]+0.112*[#   3]+0.112*[#   4]+0.112*[#   6]+0.112*[#   7]
          +0.112*[#   8]+0.103*[#   1]+0.103*[#   5]
    |psi|^2 = 0.877
==== e(   6) =     9.96256 eV ==== 
     psi = 0.108*[#   1]+0.108*[#   5]+0.052*[#   2]+0.052*[#   3]+0.052*[#   4]
          +0.052*[#   6]+0.052*[#   7]+0.052*[#   8]
    |psi|^2 = 0.526
==== e(   7) =    10.77654 eV ==== 
     psi = 0.113*[#   2]+0.113*[#   3]+0.113*[#   4]+0.113*[#   6]+0.113*[#   7]
          +0.113*[#   8]+0.060*[#   1]+0.060*[#   5]
    |psi|^2 = 0.796
==== e(   8) =    12.23806 eV ==== 
     psi = 0.122*[#   2]+0.122*[#   3]+0.122*[#   4]+0.122*[#   6]+0.122*[#   7]
          +0.122*[#   8]+0.017*[#   1]+0.017*[#   5]
    |psi|^2 = 0.764

 k =   0.6666666667 -0.3333333333  0.8333333333
==== e(   1) =    -3.40482 eV ==== 
     psi = 0.332*[#   1]+0.332*[#   5]+0.055*[#   2]+0.055*[#   3]+0.055*[#   4]
          +0.055*[#   6]+0.055*[#   7]+0.055*[#   8]
    |psi|^2 = 0.995
==== e(   2) =     0.18138 eV ==== 
     psi = 0.200*[#   1]+0.200*[#   5]+0.098*[#   2]+0.098*[#   3]+0.098*[#   4]
          +0.098*[#   6]+0.098*[#   7]+0.098*[#   8]
    |psi|^2 = 0.991
==== e(   3) =     2.98434 eV ==== 
     psi = 0.146*[#   2]+0.146*[#   3]+0.146*[#   4]+0.146*[#   6]+0.146*[#   7]
          +0.146*[#   8]+0.056*[#   1]+0.056*[#   5]
    |psi|^2 = 0.992
==== e(   4) =     4.08166 eV ==== 
     psi = 0.164*[#   2]+0.164*[#   3]+0.164*[#   4]+0.164*[#   6]+0.164*[#   7]
          +0.164*[#   8]+0.002*[#   1]+0.002*[#   5]
    |psi|^2 = 0.990
==== e(   5) =     8.45737 eV ==== 
     psi = 0.108*[#   1]+0.108*[#   5]+0.100*[#   2]+0.100*[#   3]+0.100*[#   4]
          +0.100*[#   6]+0.100*[#   7]+0.100*[#   8]
    |psi|^2 = 0.817
==== e(   6) =    10.42518 eV ==== 
     psi = 0.100*[#   2]+0.100*[#   3]+0.100*[#   4]+0.100*[#   6]+0.100*[#   7]
          +0.100*[#   8]+0.048*[#   1]+0.048*[#   5]
    |psi|^2 = 0.697
==== e(   7) =    11.02612 eV ==== 
     psi = 0.110*[#   1]+0.110*[#   5]+0.066*[#   2]+0.066*[#   3]+0.066*[#   4]
          +0.066*[#   6]+0.066*[#   7]+0.066*[#   8]
    |psi|^2 = 0.615
==== e(   8) =    12.21994 eV ==== 
     psi = 0.105*[#   2]+0.105*[#   3]+0.105*[#   4]+0.105*[#   6]+0.105*[#   7]
          +0.105*[#   8]+0.030*[#   1]+0.030*[#   5]
    |psi|^2 = 0.689

 k =   0.5833333333 -0.2500000000  0.7500000000
==== e(   1) =    -2.90746 eV ==== 
     psi = 0.347*[#   1]+0.347*[#   5]+0.050*[#   2]+0.050*[#   3]+0.050*[#   4]
          +0.050*[#   6]+0.050*[#   7]+0.050*[#   8]
    |psi|^2 = 0.996
==== e(   2) =    -0.52598 eV ==== 
     psi = 0.180*[#   1]+0.180*[#   5]+0.105*[#   2]+0.105*[#   3]+0.105*[#   4]
          +0.105*[#   6]+0.105*[#   7]+0.105*[#   8]
    |psi|^2 = 0.990
==== e(   3) =     2.73846 eV ==== 
     psi = 0.145*[#   2]+0.145*[#   3]+0.145*[#   4]+0.145*[#   6]+0.145*[#   7]
          +0.145*[#   8]+0.060*[#   1]+0.060*[#   5]
    |psi|^2 = 0.992
==== e(   4) =     4.06350 eV ==== 
     psi = 0.164*[#   2]+0.164*[#   3]+0.164*[#   4]+0.164*[#   6]+0.164*[#   7]
          +0.164*[#   8]+0.002*[#   1]+0.002*[#   5]
    |psi|^2 = 0.990
==== e(   5) =     8.58553 eV ==== 
     psi = 0.105*[#   1]+0.105*[#   5]+0.099*[#   2]+0.099*[#   3]+0.099*[#   4]
          +0.099*[#   6]+0.099*[#   7]+0.099*[#   8]
    |psi|^2 = 0.805
==== e(   6) =    10.15114 eV ==== 
     psi = 0.099*[#   2]+0.099*[#   3]+0.099*[#   4]+0.099*[#   6]+0.099*[#   7]
          +0.099*[#   8]+0.070*[#   1]+0.070*[#   5]
    |psi|^2 = 0.731
==== e(   7) =    12.11196 eV ==== 
     psi = 0.094*[#   2]+0.094*[#   3]+0.094*[#   4]+0.094*[#   6]+0.094*[#   7]
          +0.094*[#   8]+0.035*[#   1]+0.035*[#   5]
    |psi|^2 = 0.634
==== e(   8) =    12.49575 eV ==== 
     psi = 0.075*[#   1]+0.075*[#   5]+0.059*[#   2]+0.059*[#   3]+0.059*[#   4]
          +0.059*[#   6]+0.059*[#   7]+0.059*[#   8]
    |psi|^2 = 0.504

 k =   0.5000000000 -0.1666666667  0.6666666667
==== e(   1) =    -3.04333 eV ==== 
     psi = 0.343*[#   1]+0.343*[#   5]+0.052*[#   2]+0.052*[#   3]+0.052*[#   4]
          +0.052*[#   6]+0.052*[#   7]+0.052*[#   8]
    |psi|^2 = 0.996
==== e(   2) =    -0.33854 eV ==== 
     psi = 0.186*[#   1]+0.186*[#   5]+0.103*[#   2]+0.103*[#   3]+0.103*[#   4]
          +0.103*[#   6]+0.103*[#   7]+0.103*[#   8]
    |psi|^2 = 0.991
==== e(   3) =     2.61990 eV ==== 
     psi = 0.147*[#   2]+0.147*[#   3]+0.147*[#   4]+0.147*[#   6]+0.147*[#   7]
          +0.147*[#   8]+0.056*[#   1]+0.056*[#   5]
    |psi|^2 = 0.992
==== e(   4) =     4.23644 eV ==== 
     psi = 0.164*[#   2]+0.164*[#   3]+0.164*[#   4]+0.164*[#   6]+0.164*[#   7]
          +0.164*[#   8]+0.004*[#   1]+0.004*[#   5]
    |psi|^2 = 0.989
==== e(   5) =     8.83533 eV ==== 
     psi = 0.102*[#   2]+0.102*[#   3]+0.102*[#   4]+0.102*[#   6]+0.102*[#   7]
          +0.102*[#   8]+0.099*[#   1]+0.099*[#   5]
    |psi|^2 = 0.810
==== e(   6) =     9.96159 eV ==== 
     psi = 0.100*[#   2]+0.100*[#   3]+0.100*[#   4]+0.100*[#   6]+0.100*[#   7]
          +0.100*[#   8]+0.072*[#   1]+0.072*[#   5]
    |psi|^2 = 0.741
==== e(   7) =    12.02849 eV ==== 
     psi = 0.103*[#   2]+0.103*[#   3]+0.103*[#   4]+0.103*[#   6]+0.103*[#   7]
          +0.103*[#   8]+0.045*[#   1]+0.045*[#   5]
    |psi|^2 = 0.706
==== e(   8) =    12.88213 eV ==== 
     psi = 0.052*[#   1]+0.052*[#   5]+0.040*[#   2]+0.040*[#   3]+0.040*[#   4]
          +0.040*[#   6]+0.040*[#   7]+0.040*[#   8]
    |psi|^2 = 0.345

 k =   0.4166666667 -0.0833333333  0.5833333333
==== e(   1) =    -3.63406 eV ==== 
     psi = 0.335*[#   1]+0.335*[#   5]+0.054*[#   2]+0.054*[#   3]+0.054*[#   4]
          +0.054*[#   6]+0.054*[#   7]+0.054*[#   8]
    |psi|^2 = 0.995
==== e(   2) =     0.53960 eV ==== 
     psi = 0.201*[#   1]+0.201*[#   5]+0.098*[#   2]+0.098*[#   3]+0.098*[#   4]
          +0.098*[#   6]+0.098*[#   7]+0.098*[#   8]
    |psi|^2 = 0.991
==== e(   3) =     2.69371 eV ==== 
     psi = 0.149*[#   2]+0.149*[#   3]+0.149*[#   4]+0.149*[#   6]+0.149*[#   7]
          +0.149*[#   8]+0.047*[#   1]+0.047*[#   5]
    |psi|^2 = 0.991
==== e(   4) =     4.55393 eV ==== 
     psi = 0.163*[#   2]+0.163*[#   3]+0.163*[#   4]+0.163*[#   6]+0.163*[#   7]
          +0.163*[#   8]+0.006*[#   1]+0.006*[#   5]
    |psi|^2 = 0.988
==== e(   5) =     9.19461 eV ==== 
     psi = 0.106*[#   2]+0.106*[#   3]+0.106*[#   4]+0.106*[#   6]+0.106*[#   7]
          +0.106*[#   8]+0.096*[#   1]+0.096*[#   5]
    |psi|^2 = 0.827
==== e(   6) =     9.81943 eV ==== 
     psi = 0.111*[#   2]+0.111*[#   3]+0.111*[#   4]+0.111*[#   6]+0.111*[#   7]
          +0.111*[#   8]+0.061*[#   1]+0.061*[#   5]
    |psi|^2 = 0.790
==== e(   7) =    11.50783 eV ==== 
     psi = 0.091*[#   1]+0.091*[#   5]+0.065*[#   2]+0.065*[#   3]+0.065*[#   4]
          +0.065*[#   6]+0.065*[#   7]+0.065*[#   8]
    |psi|^2 = 0.570
==== e(   8) =    11.98317 eV ==== 
     psi = 0.093*[#   2]+0.093*[#   3]+0.093*[#   4]+0.093*[#   6]+0.093*[#   7]
          +0.093*[#   8]+0.029*[#   1]+0.029*[#   5]
    |psi|^2 = 0.617

 k =   0.3333333333  0.0000000000  0.5000000000
==== e(   1) =    -4.23703 eV ==== 
     psi = 0.344*[#   1]+0.344*[#   5]+0.051*[#   2]+0.051*[#   3]+0.051*[#   4]
          +0.051*[#   6]+0.051*[#   7]+0.051*[#   8]
    |psi|^2 = 0.995
==== e(   2) =     1.51993 eV ==== 
     psi = 0.197*[#   1]+0.197*[#   5]+0.099*[#   2]+0.099*[#   3]+0.099*[#   4]
          +0.099*[#   6]+0.099*[#   7]+0.099*[#   8]
    |psi|^2 = 0.990
==== e(   3) =     3.10886 eV ==== 
     psi = 0.151*[#   2]+0.151*[#   3]+0.151*[#   4]+0.151*[#   6]+0.151*[#   7]
          +0.151*[#   8]+0.040*[#   1]+0.040*[#   5]
    |psi|^2 = 0.990
==== e(   4) =     4.93641 eV ==== 
     psi = 0.162*[#   2]+0.162*[#   3]+0.162*[#   4]+0.162*[#   6]+0.162*[#   7]
          +0.162*[#   8]+0.007*[#   1]+0.007*[#   5]
    |psi|^2 = 0.986
==== e(   5) =     9.42578 eV ==== 
     psi = 0.128*[#   2]+0.128*[#   3]+0.128*[#   4]+0.128*[#   6]+0.128*[#   7]
          +0.128*[#   8]+0.061*[#   1]+0.061*[#   5]
    |psi|^2 = 0.891
==== e(   6) =     9.57370 eV ==== 
     psi = 0.110*[#   2]+0.110*[#   3]+0.110*[#   4]+0.110*[#   6]+0.110*[#   7]
          +0.110*[#   8]+0.101*[#   1]+0.101*[#   5]
    |psi|^2 = 0.865
==== e(   7) =    10.88883 eV ==== 
     psi = 0.089*[#   1]+0.089*[#   5]+0.041*[#   2]+0.041*[#   3]+0.041*[#   4]
          +0.041*[#   6]+0.041*[#   7]+0.041*[#   8]
    |psi|^2 = 0.423
==== e(   8) =    11.55225 eV ==== 
     psi = 0.126*[#   2]+0.126*[#   3]+0.126*[#   4]+0.126*[#   6]+0.126*[#   7]
          +0.126*[#   8]+0.027*[#   1]+0.027*[#   5]
    |psi|^2 = 0.811

 k =  -0.1666666667  0.6666666667 -0.0000000000
==== e(   1) =    -3.75277 eV ==== 
     psi = 0.321*[#   1]+0.321*[#   5]+0.059*[#   2]+0.059*[#   3]+0.059*[#   4]
          +0.059*[#   6]+0.059*[#   7]+0.059*[#   8]
    |psi|^2 = 0.995
==== e(   2) =     1.02176 eV ==== 
     psi = 0.242*[#   1]+0.242*[#   5]+0.084*[#   2]+0.084*[#   3]+0.084*[#   4]
          +0.084*[#   6]+0.084*[#   7]+0.084*[#   8]
    |psi|^2 = 0.990
==== e(   3) =     3.36814 eV ==== 
     psi = 0.159*[#   2]+0.159*[#   3]+0.159*[#   4]+0.159*[#   6]+0.159*[#   7]
          +0.159*[#   8]+0.020*[#   1]+0.020*[#   5]
    |psi|^2 = 0.992
==== e(   4) =     3.79621 eV ==== 
     psi = 0.165*[#   2]+0.165*[#   3]+0.165*[#   4]+0.165*[#   6]+0.165*[#   7]
          +0.165*[#   8]+0.002*[#   1]+0.002*[#   5]
    |psi|^2 = 0.991
==== e(   5) =     7.60474 eV ==== 
     psi = 0.131*[#   1]+0.131*[#   5]+0.109*[#   2]+0.109*[#   3]+0.109*[#   4]
          +0.109*[#   6]+0.109*[#   7]+0.109*[#   8]
    |psi|^2 = 0.913
==== e(   6) =     8.69267 eV ==== 
     psi = 0.125*[#   1]+0.125*[#   5]+0.054*[#   2]+0.054*[#   3]+0.054*[#   4]
          +0.054*[#   6]+0.054*[#   7]+0.054*[#   8]
    |psi|^2 = 0.575
==== e(   7) =    12.27884 eV ==== 
     psi = 0.113*[#   2]+0.113*[#   3]+0.113*[#   4]+0.113*[#   6]+0.113*[#   7]
          +0.113*[#   8]+0.035*[#   1]+0.035*[#   5]
    |psi|^2 = 0.752
==== e(   8) =    13.42777 eV ==== 
     psi = 0.127*[#   2]+0.127*[#   3]+0.127*[#   4]+0.127*[#   6]+0.127*[#   7]
          +0.127*[#   8]+0.005*[#   1]+0.005*[#   5]
    |psi|^2 = 0.771

 k =   0.7500000000 -0.2500000000  0.9166666667
==== e(   1) =    -3.14673 eV ==== 
     psi = 0.314*[#   1]+0.314*[#   5]+0.061*[#   2]+0.061*[#   3]+0.061*[#   4]
          +0.061*[#   6]+0.061*[#   7]+0.061*[#   8]
    |psi|^2 = 0.995
==== e(   2) =     0.18563 eV ==== 
     psi = 0.251*[#   1]+0.251*[#   5]+0.082*[#   2]+0.082*[#   3]+0.082*[#   4]
          +0.082*[#   6]+0.082*[#   7]+0.082*[#   8]
    |psi|^2 = 0.992
==== e(   3) =     2.77984 eV ==== 
     psi = 0.157*[#   2]+0.157*[#   3]+0.157*[#   4]+0.157*[#   6]+0.157*[#   7]
          +0.157*[#   8]+0.025*[#   1]+0.025*[#   5]
    |psi|^2 = 0.993
==== e(   4) =     3.57887 eV ==== 
     psi = 0.165*[#   2]+0.165*[#   3]+0.165*[#   4]+0.165*[#   6]+0.165*[#   7]
          +0.165*[#   8]+0.001*[#   1]+0.001*[#   5]
    |psi|^2 = 0.992
==== e(   5) =     7.93942 eV ==== 
     psi = 0.123*[#   1]+0.123*[#   5]+0.099*[#   2]+0.099*[#   3]+0.099*[#   4]
          +0.099*[#   6]+0.099*[#   7]+0.099*[#   8]
    |psi|^2 = 0.838
==== e(   6) =     9.22297 eV ==== 
     psi = 0.110*[#   1]+0.110*[#   5]+0.068*[#   2]+0.068*[#   3]+0.068*[#   4]
          +0.068*[#   6]+0.068*[#   7]+0.068*[#   8]
    |psi|^2 = 0.624
==== e(   7) =    11.97819 eV ==== 
     psi = 0.104*[#   2]+0.104*[#   3]+0.104*[#   4]+0.104*[#   6]+0.104*[#   7]
          +0.104*[#   8]+0.053*[#   1]+0.053*[#   5]
    |psi|^2 = 0.728
==== e(   8) =    13.79775 eV ==== 
     psi = 0.107*[#   2]+0.107*[#   3]+0.107*[#   4]+0.107*[#   6]+0.107*[#   7]
          +0.107*[#   8]+0.017*[#   1]+0.017*[#   5]
    |psi|^2 = 0.678

 k =   0.6666666667 -0.1666666667  0.8333333333
==== e(   1) =    -2.55687 eV ==== 
     psi = 0.322*[#   1]+0.322*[#   5]+0.058*[#   2]+0.058*[#   3]+0.058*[#   4]
          +0.058*[#   6]+0.058*[#   7]+0.058*[#   8]
    |psi|^2 = 0.995
==== e(   2) =    -0.52993 eV ==== 
     psi = 0.243*[#   1]+0.243*[#   5]+0.084*[#   2]+0.084*[#   3]+0.084*[#   4]
          +0.084*[#   6]+0.084*[#   7]+0.084*[#   8]
    |psi|^2 = 0.993
==== e(   3) =     2.25831 eV ==== 
     psi = 0.158*[#   2]+0.158*[#   3]+0.158*[#   4]+0.158*[#   6]+0.158*[#   7]
          +0.158*[#   8]+0.022*[#   1]+0.022*[#   5]
    |psi|^2 = 0.993
==== e(   4) =     3.58688 eV ==== 
     psi = 0.164*[#   2]+0.164*[#   3]+0.164*[#   4]+0.164*[#   6]+0.164*[#   7]
          +0.164*[#   8]+0.003*[#   1]+0.003*[#   5]
    |psi|^2 = 0.992
==== e(   5) =     8.09350 eV ==== 
     psi = 0.114*[#   1]+0.114*[#   5]+0.096*[#   2]+0.096*[#   3]+0.096*[#   4]
          +0.096*[#   6]+0.096*[#   7]+0.096*[#   8]
    |psi|^2 = 0.806
==== e(   6) =    10.51775 eV ==== 
     psi = 0.071*[#   1]+0.071*[#   5]+0.063*[#   2]+0.063*[#   3]+0.063*[#   4]
          +0.063*[#   6]+0.063*[#   7]+0.063*[#   8]
    |psi|^2 = 0.521
==== e(   7) =    11.68298 eV ==== 
     psi = 0.099*[#   2]+0.099*[#   3]+0.099*[#   4]+0.099*[#   6]+0.099*[#   7]
          +0.099*[#   8]+0.078*[#   1]+0.078*[#   5]
    |psi|^2 = 0.751
==== e(   8) =    13.73084 eV ==== 
     psi = 0.100*[#   2]+0.100*[#   3]+0.100*[#   4]+0.100*[#   6]+0.100*[#   7]
          +0.100*[#   8]+0.034*[#   1]+0.034*[#   5]
    |psi|^2 = 0.667

 k =   0.5833333333 -0.0833333333  0.7500000000
==== e(   1) =    -2.48572 eV ==== 
     psi = 0.332*[#   1]+0.332*[#   5]+0.055*[#   2]+0.055*[#   3]+0.055*[#   4]
          +0.055*[#   6]+0.055*[#   7]+0.055*[#   8]
    |psi|^2 = 0.996
==== e(   2) =    -0.60103 eV ==== 
     psi = 0.235*[#   1]+0.235*[#   5]+0.087*[#   2]+0.087*[#   3]+0.087*[#   4]
          +0.087*[#   6]+0.087*[#   7]+0.087*[#   8]
    |psi|^2 = 0.993
==== e(   3) =     1.96928 eV ==== 
     psi = 0.159*[#   2]+0.159*[#   3]+0.159*[#   4]+0.159*[#   6]+0.159*[#   7]
          +0.159*[#   8]+0.019*[#   1]+0.019*[#   5]
    |psi|^2 = 0.993
==== e(   4) =     3.78571 eV ==== 
     psi = 0.164*[#   2]+0.164*[#   3]+0.164*[#   4]+0.164*[#   6]+0.164*[#   7]
          +0.164*[#   8]+0.005*[#   1]+0.005*[#   5]
    |psi|^2 = 0.991
==== e(   5) =     8.35048 eV ==== 
     psi = 0.101*[#   2]+0.101*[#   3]+0.101*[#   4]+0.101*[#   6]+0.101*[#   7]
          +0.101*[#   8]+0.100*[#   1]+0.100*[#   5]
    |psi|^2 = 0.804
==== e(   6) =    11.27325 eV ==== 
     psi = 0.083*[#   2]+0.083*[#   3]+0.083*[#   4]+0.083*[#   6]+0.083*[#   7]
          +0.083*[#   8]+0.035*[#   1]+0.035*[#   5]
    |psi|^2 = 0.570
==== e(   7) =    12.26892 eV ==== 
     psi = 0.076*[#   1]+0.076*[#   5]+0.053*[#   2]+0.053*[#   3]+0.053*[#   4]
          +0.053*[#   6]+0.053*[#   7]+0.053*[#   8]
    |psi|^2 = 0.467
==== e(   8) =    12.95095 eV ==== 
     psi = 0.081*[#   2]+0.081*[#   3]+0.081*[#   4]+0.081*[#   6]+0.081*[#   7]
          +0.081*[#   8]+0.074*[#   1]+0.074*[#   5]
    |psi|^2 = 0.636

 k =   0.5000000000  0.0000000000  0.6666666667
==== e(   1) =    -3.02384 eV ==== 
     psi = 0.328*[#   1]+0.328*[#   5]+0.056*[#   2]+0.056*[#   3]+0.056*[#   4]
          +0.056*[#   6]+0.056*[#   7]+0.056*[#   8]
    |psi|^2 = 0.995
==== e(   2) =    -0.01005 eV ==== 
     psi = 0.234*[#   1]+0.234*[#   5]+0.088*[#   2]+0.088*[#   3]+0.088*[#   4]
          +0.088*[#   6]+0.088*[#   7]+0.088*[#   8]
    |psi|^2 = 0.993
==== e(   3) =     2.05607 eV ==== 
     psi = 0.158*[#   2]+0.158*[#   3]+0.158*[#   4]+0.158*[#   6]+0.158*[#   7]
          +0.158*[#   8]+0.022*[#   1]+0.022*[#   5]
    |psi|^2 = 0.992
==== e(   4) =     4.13132 eV ==== 
     psi = 0.163*[#   2]+0.163*[#   3]+0.163*[#   4]+0.163*[#   6]+0.163*[#   7]
          +0.163*[#   8]+0.005*[#   1]+0.005*[#   5]
    |psi|^2 = 0.990
==== e(   5) =     8.74269 eV ==== 
     psi = 0.105*[#   2]+0.105*[#   3]+0.105*[#   4]+0.105*[#   6]+0.105*[#   7]
          +0.105*[#   8]+0.087*[#   1]+0.087*[#   5]
    |psi|^2 = 0.805
==== e(   6) =    10.85951 eV ==== 
     psi = 0.109*[#   2]+0.109*[#   3]+0.109*[#   4]+0.109*[#   6]+0.109*[#   7]
          +0.109*[#   8]+0.044*[#   1]+0.044*[#   5]
    |psi|^2 = 0.741
==== e(   7) =    11.72081 eV ==== 
     psi = 0.096*[#   1]+0.096*[#   5]+0.050*[#   2]+0.050*[#   3]+0.050*[#   4]
          +0.050*[#   6]+0.050*[#   7]+0.050*[#   8]
    |psi|^2 = 0.493
==== e(   8) =    13.05673 eV ==== 
     psi = 0.079*[#   2]+0.079*[#   3]+0.079*[#   4]+0.079*[#   6]+0.079*[#   7]
          +0.079*[#   8]+0.015*[#   1]+0.015*[#   5]
    |psi|^2 = 0.505

 k =   0.8333333333 -0.1666666667  1.0000000000
==== e(   1) =    -2.74409 eV ==== 
     psi = 0.301*[#   1]+0.301*[#   5]+0.065*[#   2]+0.065*[#   3]+0.065*[#   4]
          +0.065*[#   6]+0.065*[#   7]+0.065*[#   8]
    |psi|^2 = 0.994
==== e(   2) =    -0.29127 eV ==== 
     psi = 0.269*[#   1]+0.269*[#   5]+0.076*[#   2]+0.076*[#   3]+0.076*[#   4]
          +0.076*[#   6]+0.076*[#   7]+0.076*[#   8]
    |psi|^2 = 0.992
==== e(   3) =     3.08405 eV ==== 
     psi = 0.161*[#   2]+0.161*[#   3]+0.161*[#   4]+0.161*[#   6]+0.161*[#   7]
          +0.161*[#   8]+0.013*[#   1]+0.013*[#   5]
    |psi|^2 = 0.993
==== e(   4) =     3.28058 eV ==== 
     psi = 0.165*[#   2]+0.165*[#   3]+0.165*[#   4]+0.165*[#   6]+0.165*[#   7]
          +0.165*[#   8]
    |psi|^2 = 0.993
==== e(   5) =     7.43407 eV ==== 
     psi = 0.145*[#   1]+0.145*[#   5]+0.097*[#   2]+0.097*[#   3]+0.097*[#   4]
          +0.097*[#   6]+0.097*[#   7]+0.097*[#   8]
    |psi|^2 = 0.874
==== e(   6) =     7.94707 eV ==== 
     psi = 0.139*[#   1]+0.139*[#   5]+0.071*[#   2]+0.071*[#   3]+0.071*[#   4]
          +0.071*[#   6]+0.071*[#   7]+0.071*[#   8]
    |psi|^2 = 0.702
==== e(   7) =    13.65665 eV ==== 
     psi = 0.099*[#   2]+0.099*[#   3]+0.099*[#   4]+0.099*[#   6]+0.099*[#   7]
          +0.099*[#   8]+0.027*[#   1]+0.027*[#   5]
    |psi|^2 = 0.650
==== e(   8) =    15.03737 eV ==== 
     psi = 0.119*[#   2]+0.119*[#   3]+0.119*[#   4]+0.119*[#   6]+0.119*[#   7]
          +0.119*[#   8]+0.004*[#   1]+0.004*[#   5]
    |psi|^2 = 0.722

 k =   0.7500000000 -0.0833333333  0.9166666667
==== e(   1) =    -2.11460 eV ==== 
     psi = 0.301*[#   1]+0.301*[#   5]+0.065*[#   2]+0.065*[#   3]+0.065*[#   4]
          +0.065*[#   6]+0.065*[#   7]+0.065*[#   8]
    |psi|^2 = 0.994
==== e(   2) =    -0.93469 eV ==== 
     psi = 0.278*[#   1]+0.278*[#   5]+0.073*[#   2]+0.073*[#   3]+0.073*[#   4]
          +0.073*[#   6]+0.073*[#   7]+0.073*[#   8]
    |psi|^2 = 0.993
==== e(   3) =     2.45473 eV ==== 
     psi = 0.163*[#   2]+0.163*[#   3]+0.163*[#   4]+0.163*[#   6]+0.163*[#   7]
          +0.163*[#   8]+0.007*[#   1]+0.007*[#   5]
    |psi|^2 = 0.993
==== e(   4) =     3.23670 eV ==== 
     psi = 0.164*[#   2]+0.164*[#   3]+0.164*[#   4]+0.164*[#   6]+0.164*[#   7]
          +0.164*[#   8]+0.005*[#   1]+0.005*[#   5]
    |psi|^2 = 0.993
==== e(   5) =     7.72646 eV ==== 
     psi = 0.133*[#   1]+0.133*[#   5]+0.091*[#   2]+0.091*[#   3]+0.091*[#   4]
          +0.091*[#   6]+0.091*[#   7]+0.091*[#   8]
    |psi|^2 = 0.811
==== e(   6) =     8.85437 eV ==== 
     psi = 0.118*[#   1]+0.118*[#   5]+0.079*[#   2]+0.079*[#   3]+0.079*[#   4]
          +0.079*[#   6]+0.079*[#   7]+0.079*[#   8]
    |psi|^2 = 0.710
==== e(   7) =    13.33645 eV ==== 
     psi = 0.090*[#   2]+0.090*[#   3]+0.090*[#   4]+0.090*[#   6]+0.090*[#   7]
          +0.090*[#   8]+0.040*[#   1]+0.040*[#   5]
    |psi|^2 = 0.622
==== e(   8) =    14.81985 eV ==== 
     psi = 0.097*[#   2]+0.097*[#   3]+0.097*[#   4]+0.097*[#   6]+0.097*[#   7]
          +0.097*[#   8]+0.033*[#   1]+0.033*[#   5]
    |psi|^2 = 0.647

 k =   0.6666666667  0.0000000000  0.8333333333
==== e(   1) =    -1.95955 eV ==== 
     psi = 0.321*[#   1]+0.321*[#   5]+0.059*[#   2]+0.059*[#   3]+0.059*[#   4]
          +0.059*[#   6]+0.059*[#   7]+0.059*[#   8]
    |psi|^2 = 0.995
==== e(   2) =    -1.04838 eV ==== 
     psi = 0.264*[#   1]+0.264*[#   5]+0.077*[#   2]+0.077*[#   3]+0.077*[#   4]
          +0.077*[#   6]+0.077*[#   7]+0.077*[#   8]
    |psi|^2 = 0.994
==== e(   3) =     1.95615 eV ==== 
     psi = 0.166*[#   2]+0.166*[#   3]+0.166*[#   4]+0.166*[#   6]+0.166*[#   7]
          +0.166*[#   8]
    |psi|^2 = 0.993
==== e(   4) =     3.43405 eV ==== 
     psi = 0.164*[#   2]+0.164*[#   3]+0.164*[#   4]+0.164*[#   6]+0.164*[#   7]
          +0.164*[#   8]+0.005*[#   1]+0.005*[#   5]
    |psi|^2 = 0.993
==== e(   5) =     7.96415 eV ==== 
     psi = 0.117*[#   1]+0.117*[#   5]+0.095*[#   2]+0.095*[#   3]+0.095*[#   4]
          +0.095*[#   6]+0.095*[#   7]+0.095*[#   8]
    |psi|^2 = 0.806
==== e(   6) =    10.38562 eV ==== 
     psi = 0.082*[#   1]+0.082*[#   5]+0.065*[#   2]+0.065*[#   3]+0.065*[#   4]
          +0.065*[#   6]+0.065*[#   7]+0.065*[#   8]
    |psi|^2 = 0.555
==== e(   7) =    12.87571 eV ==== 
     psi = 0.101*[#   2]+0.101*[#   3]+0.101*[#   4]+0.101*[#   6]+0.101*[#   7]
          +0.101*[#   8]+0.048*[#   1]+0.048*[#   5]
    |psi|^2 = 0.702
==== e(   8) =    13.26837 eV ==== 
     psi = 0.065*[#   2]+0.065*[#   3]+0.065*[#   4]+0.065*[#   6]+0.065*[#   7]
          +0.065*[#   8]+0.062*[#   1]+0.062*[#   5]
    |psi|^2 = 0.515

 k =  -0.1666666667 -1.0000000000 -0.0000000000
==== e(   1) =    -1.57216 eV ==== 
     psi = 0.285*[#   1]+0.285*[#   5]+0.070*[#   2]+0.070*[#   3]+0.070*[#   4]
          +0.070*[#   6]+0.070*[#   7]+0.070*[#   8]
    |psi|^2 = 0.993
==== e(   2) =    -1.57216 eV ==== 
     psi = 0.285*[#   1]+0.285*[#   5]+0.070*[#   2]+0.070*[#   3]+0.070*[#   4]
          +0.070*[#   6]+0.070*[#   7]+0.070*[#   8]
    |psi|^2 = 0.993
==== e(   3) =     3.04854 eV ==== 
     psi = 0.164*[#   2]+0.164*[#   3]+0.164*[#   4]+0.164*[#   6]+0.164*[#   7]
          +0.164*[#   8]+0.006*[#   1]+0.006*[#   5]
    |psi|^2 = 0.993
==== e(   4) =     3.04854 eV ==== 
     psi = 0.164*[#   2]+0.164*[#   3]+0.164*[#   4]+0.164*[#   6]+0.164*[#   7]
          +0.164*[#   8]+0.006*[#   1]+0.006*[#   5]
    |psi|^2 = 0.993
==== e(   5) =     7.53628 eV ==== 
     psi = 0.148*[#   1]+0.148*[#   5]+0.085*[#   2]+0.085*[#   3]+0.085*[#   4]
          +0.085*[#   6]+0.085*[#   7]+0.085*[#   8]
    |psi|^2 = 0.807
==== e(   6) =     7.53628 eV ==== 
     psi = 0.148*[#   1]+0.148*[#   5]+0.085*[#   2]+0.085*[#   3]+0.085*[#   4]
          +0.085*[#   6]+0.085*[#   7]+0.085*[#   8]
    |psi|^2 = 0.807
==== e(   7) =    15.12850 eV ==== 
     psi = 0.094*[#   2]+0.094*[#   3]+0.094*[#   4]+0.094*[#   6]+0.094*[#   7]
          +0.094*[#   8]+0.020*[#   1]+0.020*[#   5]
    |psi|^2 = 0.602
==== e(   8) =    15.12850 eV ==== 
     psi = 0.094*[#   2]+0.094*[#   3]+0.094*[#   4]+0.094*[#   6]+0.094*[#   7]
          +0.094*[#   8]+0.020*[#   1]+0.020*[#   5]
    |psi|^2 = 0.602

 k =   0.6666666667 -0.3333333333  1.0000000000
==== e(   1) =    -3.46611 eV ==== 
     psi = 0.324*[#   1]+0.324*[#   5]+0.058*[#   2]+0.058*[#   3]+0.058*[#   4]
          +0.058*[#   6]+0.058*[#   7]+0.058*[#   8]
    |psi|^2 = 0.995
==== e(   2) =     0.56369 eV ==== 
     psi = 0.236*[#   1]+0.236*[#   5]+0.087*[#   2]+0.087*[#   3]+0.087*[#   4]
          +0.087*[#   6]+0.087*[#   7]+0.087*[#   8]
    |psi|^2 = 0.992
==== e(   3) =     2.63770 eV ==== 
     psi = 0.155*[#   2]+0.155*[#   3]+0.155*[#   4]+0.155*[#   6]+0.155*[#   7]
          +0.155*[#   8]+0.031*[#   1]+0.031*[#   5]
    |psi|^2 = 0.992
==== e(   4) =     3.91320 eV ==== 
     psi = 0.163*[#   2]+0.163*[#   3]+0.163*[#   4]+0.163*[#   6]+0.163*[#   7]
          +0.163*[#   8]+0.006*[#   1]+0.006*[#   5]
    |psi|^2 = 0.990
==== e(   5) =     9.06659 eV ==== 
     psi = 0.114*[#   2]+0.114*[#   3]+0.114*[#   4]+0.114*[#   6]+0.114*[#   7]
          +0.114*[#   8]+0.087*[#   1]+0.087*[#   5]
    |psi|^2 = 0.856
==== e(   6) =     9.92997 eV ==== 
     psi = 0.066*[#   1]+0.066*[#   5]+0.057*[#   2]+0.057*[#   3]+0.057*[#   4]
          +0.057*[#   6]+0.057*[#   7]+0.057*[#   8]
    |psi|^2 = 0.477
==== e(   7) =    10.44919 eV ==== 
     psi = 0.108*[#   1]+0.108*[#   5]+0.103*[#   2]+0.103*[#   3]+0.103*[#   4]
          +0.103*[#   6]+0.103*[#   7]+0.103*[#   8]
    |psi|^2 = 0.835
==== e(   8) =    13.28197 eV ==== 
     psi = 0.112*[#   2]+0.112*[#   3]+0.112*[#   4]+0.112*[#   6]+0.112*[#   7]
          +0.112*[#   8]+0.015*[#   1]+0.015*[#   5]
    |psi|^2 = 0.703

 k =   0.5833333333 -0.2500000000  0.9166666667
==== e(   1) =    -2.84150 eV ==== 
     psi = 0.324*[#   1]+0.324*[#   5]+0.058*[#   2]+0.058*[#   3]+0.058*[#   4]
          +0.058*[#   6]+0.058*[#   7]+0.058*[#   8]
    |psi|^2 = 0.995
==== e(   2) =    -0.20689 eV ==== 
     psi = 0.239*[#   1]+0.239*[#   5]+0.086*[#   2]+0.086*[#   3]+0.086*[#   4]
          +0.086*[#   6]+0.086*[#   7]+0.086*[#   8]
    |psi|^2 = 0.993
==== e(   3) =     2.29041 eV ==== 
     psi = 0.155*[#   2]+0.155*[#   3]+0.155*[#   4]+0.155*[#   6]+0.155*[#   7]
          +0.155*[#   8]+0.030*[#   1]+0.030*[#   5]
    |psi|^2 = 0.993
==== e(   4) =     3.57570 eV ==== 
     psi = 0.164*[#   2]+0.164*[#   3]+0.164*[#   4]+0.164*[#   6]+0.164*[#   7]
          +0.164*[#   8]+0.004*[#   1]+0.004*[#   5]
    |psi|^2 = 0.991
==== e(   5) =     9.44135 eV ==== 
     psi = 0.100*[#   2]+0.100*[#   3]+0.100*[#   4]+0.100*[#   6]+0.100*[#   7]
          +0.100*[#   8]+0.072*[#   1]+0.072*[#   5]
    |psi|^2 = 0.741
==== e(   6) =     9.98128 eV ==== 
     psi = 0.100*[#   2]+0.100*[#   3]+0.100*[#   4]+0.100*[#   6]+0.100*[#   7]
          +0.100*[#   8]+0.061*[#   1]+0.061*[#   5]
    |psi|^2 = 0.724
==== e(   7) =    10.97041 eV ==== 
     psi = 0.114*[#   1]+0.114*[#   5]+0.066*[#   2]+0.066*[#   3]+0.066*[#   4]
          +0.066*[#   6]+0.066*[#   7]+0.066*[#   8]
    |psi|^2 = 0.623
==== e(   8) =    13.71122 eV ==== 
     psi = 0.086*[#   2]+0.086*[#   3]+0.086*[#   4]+0.086*[#   6]+0.086*[#   7]
          +0.086*[#   8]+0.021*[#   1]+0.021*[#   5]
    |psi|^2 = 0.555

 k =   0.5000000000 -0.1666666667  0.8333333333
==== e(   1) =    -2.48066 eV ==== 
     psi = 0.333*[#   1]+0.333*[#   5]+0.055*[#   2]+0.055*[#   3]+0.055*[#   4]
          +0.055*[#   6]+0.055*[#   7]+0.055*[#   8]
    |psi|^2 = 0.996
==== e(   2) =    -0.63665 eV ==== 
     psi = 0.228*[#   1]+0.228*[#   5]+0.090*[#   2]+0.090*[#   3]+0.090*[#   4]
          +0.090*[#   6]+0.090*[#   7]+0.090*[#   8]
    |psi|^2 = 0.993
==== e(   3) =     2.19745 eV ==== 
     psi = 0.155*[#   2]+0.155*[#   3]+0.155*[#   4]+0.155*[#   6]+0.155*[#   7]
          +0.155*[#   8]+0.033*[#   1]+0.033*[#   5]
    |psi|^2 = 0.993
==== e(   4) =     3.44609 eV ==== 
     psi = 0.164*[#   2]+0.164*[#   3]+0.164*[#   4]+0.164*[#   6]+0.164*[#   7]
          +0.164*[#   8]+0.003*[#   1]+0.003*[#   5]
    |psi|^2 = 0.991
==== e(   5) =     9.57004 eV ==== 
     psi = 0.106*[#   2]+0.106*[#   3]+0.106*[#   4]+0.106*[#   6]+0.106*[#   7]
          +0.106*[#   8]+0.016*[#   1]+0.016*[#   5]
    |psi|^2 = 0.665
==== e(   6) =     9.77181 eV ==== 
     psi = 0.135*[#   1]+0.135*[#   5]+0.089*[#   2]+0.089*[#   3]+0.089*[#   4]
          +0.089*[#   6]+0.089*[#   7]+0.089*[#   8]
    |psi|^2 = 0.807
==== e(   7) =    12.31778 eV ==== 
     psi = 0.043*[#   2]+0.043*[#   3]+0.043*[#   4]+0.043*[#   6]+0.043*[#   7]
          +0.043*[#   8]+0.040*[#   1]+0.040*[#   5]
    |psi|^2 = 0.336
==== e(   8) =    12.73516 eV ==== 
     psi = 0.106*[#   1]+0.106*[#   5]+0.078*[#   2]+0.078*[#   3]+0.078*[#   4]
          +0.078*[#   6]+0.078*[#   7]+0.078*[#   8]
    |psi|^2 = 0.684

 k =   0.6666666667 -0.1666666667  1.0000000000
==== e(   1) =    -2.52995 eV ==== 
     psi = 0.309*[#   1]+0.309*[#   5]+0.063*[#   2]+0.063*[#   3]+0.063*[#   4]
          +0.063*[#   6]+0.063*[#   7]+0.063*[#   8]
    |psi|^2 = 0.995
==== e(   2) =    -0.43551 eV ==== 
     psi = 0.272*[#   1]+0.272*[#   5]+0.075*[#   2]+0.075*[#   3]+0.075*[#   4]
          +0.075*[#   6]+0.075*[#   7]+0.075*[#   8]
    |psi|^2 = 0.993
==== e(   3) =     2.43867 eV ==== 
     psi = 0.160*[#   2]+0.160*[#   3]+0.160*[#   4]+0.160*[#   6]+0.160*[#   7]
          +0.160*[#   8]+0.017*[#   1]+0.017*[#   5]
    |psi|^2 = 0.993
==== e(   4) =     3.05768 eV ==== 
     psi = 0.165*[#   2]+0.165*[#   3]+0.165*[#   4]+0.165*[#   6]+0.165*[#   7]
          +0.165*[#   8]
    |psi|^2 = 0.993
==== e(   5) =     8.89593 eV ==== 
     psi = 0.102*[#   1]+0.102*[#   5]+0.100*[#   2]+0.100*[#   3]+0.100*[#   4]
          +0.100*[#   6]+0.100*[#   7]+0.100*[#   8]
    |psi|^2 = 0.803
==== e(   6) =     9.30009 eV ==== 
     psi = 0.096*[#   1]+0.096*[#   5]+0.070*[#   2]+0.070*[#   3]+0.070*[#   4]
          +0.070*[#   6]+0.070*[#   7]+0.070*[#   8]
    |psi|^2 = 0.614
==== e(   7) =    11.59920 eV ==== 
     psi = 0.097*[#   2]+0.097*[#   3]+0.097*[#   4]+0.097*[#   6]+0.097*[#   7]
          +0.097*[#   8]+0.073*[#   1]+0.073*[#   5]
    |psi|^2 = 0.725
==== e(   8) =    14.53094 eV ==== 
     psi = 0.073*[#   2]+0.073*[#   3]+0.073*[#   4]+0.073*[#   6]+0.073*[#   7]
          +0.073*[#   8]+0.045*[#   1]+0.045*[#   5]
    |psi|^2 = 0.526

 k =   0.5833333333 -0.0833333333  0.9166666667
==== e(   1) =    -2.00630 eV ==== 
     psi = 0.314*[#   1]+0.314*[#   5]+0.061*[#   2]+0.061*[#   3]+0.061*[#   4]
          +0.061*[#   6]+0.061*[#   7]+0.061*[#   8]
    |psi|^2 = 0.995
==== e(   2) =    -0.94247 eV ==== 
     psi = 0.276*[#   1]+0.276*[#   5]+0.074*[#   2]+0.074*[#   3]+0.074*[#   4]
          +0.074*[#   6]+0.074*[#   7]+0.074*[#   8]
    |psi|^2 = 0.994
==== e(   3) =     2.12277 eV ==== 
     psi = 0.164*[#   2]+0.164*[#   3]+0.164*[#   4]+0.164*[#   6]+0.164*[#   7]
          +0.164*[#   8]+0.006*[#   1]+0.006*[#   5]
    |psi|^2 = 0.993
==== e(   4) =     2.90332 eV ==== 
     psi = 0.165*[#   2]+0.165*[#   3]+0.165*[#   4]+0.165*[#   6]+0.165*[#   7]
          +0.165*[#   8]+0.003*[#   1]+0.003*[#   5]
    |psi|^2 = 0.993
==== e(   5) =     9.23765 eV ==== 
     psi = 0.093*[#   2]+0.093*[#   3]+0.093*[#   4]+0.093*[#   6]+0.093*[#   7]
          +0.093*[#   8]+0.082*[#   1]+0.082*[#   5]
    |psi|^2 = 0.723
==== e(   6) =    10.50197 eV ==== 
     psi = 0.073*[#   2]+0.073*[#   3]+0.073*[#   4]+0.073*[#   6]+0.073*[#   7]
          +0.073*[#   8]+0.040*[#   1]+0.040*[#   5]
    |psi|^2 = 0.516
==== e(   7) =    11.32477 eV ==== 
     psi = 0.116*[#   1]+0.116*[#   5]+0.090*[#   2]+0.090*[#   3]+0.090*[#   4]
          +0.090*[#   6]+0.090*[#   7]+0.090*[#   8]
    |psi|^2 = 0.775
==== e(   8) =    12.71212 eV ==== 
     psi = 0.074*[#   1]+0.074*[#   5]+0.072*[#   2]+0.072*[#   3]+0.072*[#   4]
          +0.072*[#   6]+0.072*[#   7]+0.072*[#   8]
    |psi|^2 = 0.582

 k =   0.5000000000  0.0000000000  0.8333333333
==== e(   1) =    -2.23799 eV ==== 
     psi = 0.319*[#   1]+0.319*[#   5]+0.059*[#   2]+0.059*[#   3]+0.059*[#   4]
          +0.059*[#   6]+0.059*[#   7]+0.059*[#   8]
    |psi|^2 = 0.996
==== e(   2) =    -0.71250 eV ==== 
     psi = 0.268*[#   1]+0.268*[#   5]+0.076*[#   2]+0.076*[#   3]+0.076*[#   4]
          +0.076*[#   6]+0.076*[#   7]+0.076*[#   8]
    |psi|^2 = 0.994
==== e(   3) =     1.99781 eV ==== 
     psi = 0.163*[#   2]+0.163*[#   3]+0.163*[#   4]+0.163*[#   6]+0.163*[#   7]
          +0.163*[#   8]+0.007*[#   1]+0.007*[#   5]
    |psi|^2 = 0.993
==== e(   4) =     3.12862 eV ==== 
     psi = 0.164*[#   2]+0.164*[#   3]+0.164*[#   4]+0.164*[#   6]+0.164*[#   7]
          +0.164*[#   8]+0.004*[#   1]+0.004*[#   5]
    |psi|^2 = 0.992
==== e(   5) =     9.53953 eV ==== 
     psi = 0.099*[#   2]+0.099*[#   3]+0.099*[#   4]+0.099*[#   6]+0.099*[#   7]
          +0.099*[#   8]+0.058*[#   1]+0.058*[#   5]
    |psi|^2 = 0.707
==== e(   6) =    10.69046 eV ==== 
     psi = 0.091*[#   2]+0.091*[#   3]+0.091*[#   4]+0.091*[#   6]+0.091*[#   7]
          +0.091*[#   8]+0.042*[#   1]+0.042*[#   5]
    |psi|^2 = 0.630
==== e(   7) =    11.21501 eV ==== 
     psi = 0.114*[#   1]+0.114*[#   5]+0.066*[#   2]+0.066*[#   3]+0.066*[#   4]
          +0.066*[#   6]+0.066*[#   7]+0.066*[#   8]
    |psi|^2 = 0.622
==== e(   8) =    12.45995 eV ==== 
     psi = 0.091*[#   1]+0.091*[#   5]+0.067*[#   2]+0.067*[#   3]+0.067*[#   4]
          +0.067*[#   6]+0.067*[#   7]+0.067*[#   8]
    |psi|^2 = 0.587

 k =  -0.3333333333 -1.0000000000  0.0000000000
==== e(   1) =    -1.49031 eV ==== 
     psi = 0.295*[#   1]+0.295*[#   5]+0.068*[#   2]+0.068*[#   3]+0.068*[#   4]
          +0.068*[#   6]+0.068*[#   7]+0.068*[#   8]
    |psi|^2 = 0.994
==== e(   2) =    -1.49031 eV ==== 
     psi = 0.295*[#   1]+0.295*[#   5]+0.068*[#   2]+0.068*[#   3]+0.068*[#   4]
          +0.068*[#   6]+0.068*[#   7]+0.068*[#   8]
    |psi|^2 = 0.994
==== e(   3) =     2.56221 eV ==== 
     psi = 0.164*[#   2]+0.164*[#   3]+0.164*[#   4]+0.164*[#   6]+0.164*[#   7]
          +0.164*[#   8]+0.004*[#   1]+0.004*[#   5]
    |psi|^2 = 0.993
==== e(   4) =     2.56221 eV ==== 
     psi = 0.164*[#   2]+0.164*[#   3]+0.164*[#   4]+0.164*[#   6]+0.164*[#   7]
          +0.164*[#   8]+0.004*[#   1]+0.004*[#   5]
    |psi|^2 = 0.993
==== e(   5) =     8.96266 eV ==== 
     psi = 0.105*[#   1]+0.105*[#   5]+0.086*[#   2]+0.086*[#   3]+0.086*[#   4]
          +0.086*[#   6]+0.086*[#   7]+0.086*[#   8]
    |psi|^2 = 0.723
==== e(   6) =     8.96266 eV ==== 
     psi = 0.105*[#   1]+0.105*[#   5]+0.086*[#   2]+0.086*[#   3]+0.086*[#   4]
          +0.086*[#   6]+0.086*[#   7]+0.086*[#   8]
    |psi|^2 = 0.723
==== e(   7) =    12.98007 eV ==== 
     psi = 0.081*[#   2]+0.081*[#   3]+0.081*[#   4]+0.081*[#   6]+0.081*[#   7]
          +0.081*[#   8]+0.056*[#   1]+0.056*[#   5]
    |psi|^2 = 0.597
==== e(   8) =    12.98007 eV ==== 
     psi = 0.081*[#   2]+0.081*[#   3]+0.081*[#   4]+0.081*[#   6]+0.081*[#   7]
          +0.081*[#   8]+0.056*[#   1]+0.056*[#   5]
    |psi|^2 = 0.597

 k =  -0.5000000000 -1.0000000000  0.0000000000
==== e(   1) =    -1.44617 eV ==== 
     psi = 0.300*[#   1]+0.300*[#   5]+0.066*[#   2]+0.066*[#   3]+0.066*[#   4]
          +0.066*[#   6]+0.066*[#   7]+0.066*[#   8]
    |psi|^2 = 0.995
==== e(   2) =    -1.44617 eV ==== 
     psi = 0.300*[#   1]+0.300*[#   5]+0.066*[#   2]+0.066*[#   3]+0.066*[#   4]
          +0.066*[#   6]+0.066*[#   7]+0.066*[#   8]
    |psi|^2 = 0.995
==== e(   3) =     2.35417 eV ==== 
     psi = 0.166*[#   2]+0.166*[#   3]+0.166*[#   4]+0.166*[#   6]+0.166*[#   7]
          +0.166*[#   8]
    |psi|^2 = 0.994
==== e(   4) =     2.35417 eV ==== 
     psi = 0.166*[#   2]+0.166*[#   3]+0.166*[#   4]+0.166*[#   6]+0.166*[#   7]
          +0.166*[#   8]
    |psi|^2 = 0.994
==== e(   5) =    10.48522 eV ==== 
     psi = 0.080*[#   2]+0.080*[#   3]+0.080*[#   4]+0.080*[#   6]+0.080*[#   7]
          +0.080*[#   8]
    |psi|^2 = 0.478
==== e(   6) =    10.48522 eV ==== 
     psi = 0.080*[#   2]+0.080*[#   3]+0.080*[#   4]+0.080*[#   6]+0.080*[#   7]
          +0.080*[#   8]
    |psi|^2 = 0.478
==== e(   7) =    11.21702 eV ==== 
     psi = 0.158*[#   1]+0.158*[#   5]+0.087*[#   2]+0.087*[#   3]+0.087*[#   4]
          +0.087*[#   6]+0.087*[#   7]+0.087*[#   8]
    |psi|^2 = 0.837
==== e(   8) =    11.21702 eV ==== 
     psi = 0.158*[#   1]+0.158*[#   5]+0.087*[#   2]+0.087*[#   3]+0.087*[#   4]
          +0.087*[#   6]+0.087*[#   7]+0.087*[#   8]
    |psi|^2 = 0.837

Lowdin Charges: 

     Atom #   1: total charge =   3.9637, s =  1.1616, 
     Atom #   1: total charge =   3.9637, p =  2.8022, pz=  0.9341, px=  0.9341, py=  0.9341, 
     Atom #   2: total charge =   3.9637, s =  1.1616, 
     Atom #   2: total charge =   3.9637, p =  2.8022, pz=  0.9341, px=  0.9341, py=  0.9341, 
     Spilling Parameter:   0.0091

     PROJWFC      :      6.20s CPU      9.35s WALL


   This run was terminated on:   4:11:40  17Nov2025            

=------------------------------------------------------------------------------=
   JOB DONE.
=------------------------------------------------------------------------------=
